{"stats":{"minecraft:picked_up":{"minecraft:wheat":3,"minecraft:beetroot_seeds":1,"minecraft:wheat_seeds":10,"pixelmon:poke_ball":7,"minecraft:hay_block":13,"minecraft:bread":26,"minecraft:dirt":17,"minecraft:oxeye_daisy":1},"minecraft:custom":{"minecraft:open_barrel":6,"minecraft:open_chest":7,"minecraft:time_since_rest":17066,"minecraft:crouch_one_cm":438,"minecraft:play_one_minute":17066,"minecraft:sprint_one_cm":59110,"minecraft:damage_taken":40,"minecraft:walk_one_cm":35956,"minecraft:sneak_time":192,"minecraft:drop":15,"minecraft:interact_with_brewingstand":3,"minecraft:jump":312,"minecraft:damage_dealt":10,"minecraft:leave_game":1,"minecraft:time_since_death":17066,"minecraft:climb_one_cm":42,"minecraft:interact_with_crafting_table":1,"minecraft:fall_one_cm":7417,"minecraft:fly_one_cm":74803},"minecraft:crafted":{"minecraft:bread":29,"minecraft:wheat":81},"minecraft:mined":{"minecraft:hay_block":13,"minecraft:grass":11,"minecraft:grass_block":16,"minecraft:beetroots":1,"minecraft:dirt":2,"minecraft:wheat":3,"minecraft:tall_grass":1,"minecraft:oxeye_daisy":1},"minecraft:dropped":{"minecraft:hay_block":4,"minecraft:wheat_seeds":7,"pixelmon:pokemail_grass":1,"pixelmon:poke_ball":14,"minecraft:bread":6},"minecraft:used":{"minecraft:wheat_seeds":3,"minecraft:dirt":17,"minecraft:oxeye_daisy":1,"minecraft:beetroot_seeds":1,"minecraft:potato":13}},"DataVersion":2586}