{"stats":{"minecraft:custom":{"minecraft:time_since_rest":9053,"minecraft:sprint_one_cm":153076,"minecraft:damage_taken":120,"minecraft:walk_one_cm":75233,"minecraft:drop":17,"minecraft:damage_dealt":10,"minecraft:swim_one_cm":4230,"minecraft:interact_with_crafting_table":5,"minecraft:fly_one_cm":221594,"minecraft:open_barrel":16,"minecraft:open_chest":10,"minecraft:play_one_minute":41066,"minecraft:crouch_one_cm":438,"minecraft:interact_with_campfire":22,"minecraft:bell_ring":2,"minecraft:sneak_time":192,"minecraft:walk_under_water_one_cm":635,"minecraft:boat_one_cm":7284,"minecraft:jump":857,"minecraft:interact_with_brewingstand":3,"minecraft:leave_game":1,"minecraft:walk_on_water_one_cm":1815,"minecraft:time_since_death":41066,"minecraft:sleep_in_bed":1,"minecraft:climb_one_cm":1563,"minecraft:fall_one_cm":25280},"minecraft:picked_up":{"minecraft:coarse_dirt":1,"minecraft:stick":1,"minecraft:crafting_table":2,"minecraft:wheat":3,"minecraft:cooked_beef":5,"minecraft:cooked_porkchop":9,"minecraft:acacia_log":6,"pixelmon:poke_ball":7,"minecraft:sand":4,"pixelmon:blue_berry_wood_trapdoor":1,"minecraft:dirt":18,"minecraft:cooked_salmon":4,"minecraft:cactus":1,"minecraft:beetroot_seeds":1,"minecraft:wheat_seeds":10,"minecraft:hay_block":13,"minecraft:baked_potato":4,"minecraft:bread":26,"minecraft:coal":9,"minecraft:cobblestone":28,"minecraft:oxeye_daisy":1},"minecraft:crafted":{"minecraft:crafting_table":1,"minecraft:stick":4,"minecraft:wooden_pickaxe":1,"minecraft:stone_pickaxe":1,"minecraft:acacia_planks":24,"minecraft:acacia_boat":1,"minecraft:bread":31,"minecraft:wheat":81},"minecraft:mined":{"minecraft:hay_block":13,"minecraft:coarse_dirt":1,"minecraft:wheat":3,"minecraft:crafting_table":2,"minecraft:grass":11,"minecraft:acacia_log":6,"minecraft:coal_ore":9,"minecraft:grass_block":16,"minecraft:beetroots":1,"minecraft:dead_bush":1,"minecraft:sand":2,"minecraft:dirt":3,"pixelmon:blue_berry_wood_trapdoor":1,"minecraft:tall_grass":1,"minecraft:stone":28,"minecraft:oxeye_daisy":1},"minecraft:dropped":{"minecraft:bread":6,"minecraft:hay_block":4,"minecraft:wheat_seeds":7,"pixelmon:pokemail_grass":1,"pixelmon:lure_casing_weak":1,"minecraft:wooden_pickaxe":1,"pixelmon:poke_ball":14},"minecraft:used":{"minecraft:acacia_boat":1,"minecraft:wheat_seeds":3,"minecraft:oxeye_daisy":1,"minecraft:stone_pickaxe":17,"minecraft:bread":5,"minecraft:baked_potato":3,"minecraft:cactus":1,"minecraft:wooden_pickaxe":20,"pixelmon:blue_berry_wood_trapdoor":1,"minecraft:sand":4,"minecraft:dirt":18,"minecraft:crafting_table":2,"minecraft:beetroot_seeds":1,"minecraft:potato":13,"minecraft:coarse_dirt":1}},"DataVersion":2586}