{"stats":{"minecraft:picked_up":{"minecraft:crafting_table":2,"minecraft:coarse_dirt":1,"minecraft:wheat":3,"minecraft:cooked_beef":6,"pixelmon:poke_ball":7,"minecraft:acacia_boat":2,"minecraft:dirt":18,"minecraft:cooked_salmon":4,"minecraft:armor_stand":1,"minecraft:wheat_seeds":10,"minecraft:stick":1,"minecraft:cooked_porkchop":9,"minecraft:acacia_log":6,"pixelmon:blue_berry_wood_trapdoor":1,"minecraft:sand":4,"minecraft:cactus":1,"minecraft:beetroot_seeds":1,"minecraft:hay_block":13,"minecraft:bread":26,"minecraft:baked_potato":4,"minecraft:coal":9,"minecraft:cobblestone":28,"minecraft:oxeye_daisy":1},"minecraft:custom":{"minecraft:interact_with_smithing_table":1,"minecraft:interact_with_crafting_table":5,"minecraft:open_barrel":28,"minecraft:play_one_minute":53066,"minecraft:interact_with_campfire":22,"minecraft:bell_ring":2,"minecraft:leave_game":1,"minecraft:time_since_death":53066,"minecraft:sleep_in_bed":1,"minecraft:climb_one_cm":3508,"minecraft:time_since_rest":21053,"minecraft:sprint_one_cm":180782,"minecraft:damage_taken":200,"minecraft:walk_one_cm":87924,"minecraft:drop":17,"minecraft:damage_dealt":10,"minecraft:swim_one_cm":4230,"minecraft:fly_one_cm":256623,"minecraft:open_chest":26,"minecraft:crouch_one_cm":770,"minecraft:sneak_time":235,"minecraft:walk_under_water_one_cm":1171,"minecraft:boat_one_cm":87281,"minecraft:interact_with_brewingstand":3,"minecraft:jump":1038,"minecraft:walk_on_water_one_cm":2185,"minecraft:fall_one_cm":31282},"minecraft:crafted":{"minecraft:crafting_table":1,"minecraft:wooden_pickaxe":1,"minecraft:bread":31,"minecraft:acacia_boat":1,"minecraft:stick":4,"minecraft:stone_pickaxe":1,"minecraft:acacia_planks":24,"minecraft:wheat":81},"minecraft:mined":{"minecraft:crafting_table":2,"minecraft:acacia_log":6,"minecraft:grass_block":16,"minecraft:dead_bush":1,"minecraft:tall_grass":1,"minecraft:oxeye_daisy":1,"minecraft:hay_block":13,"minecraft:coarse_dirt":1,"minecraft:wheat":3,"minecraft:grass":11,"minecraft:coal_ore":9,"minecraft:beetroots":1,"minecraft:dirt":3,"minecraft:sand":2,"pixelmon:blue_berry_wood_trapdoor":1,"minecraft:stone":28},"minecraft:dropped":{"minecraft:bread":6,"minecraft:wheat_seeds":7,"minecraft:hay_block":4,"pixelmon:pokemail_grass":1,"pixelmon:lure_casing_weak":1,"minecraft:wooden_pickaxe":1,"pixelmon:poke_ball":14},"minecraft:used":{"minecraft:wheat_seeds":3,"minecraft:acacia_boat":2,"minecraft:stone_pickaxe":17,"minecraft:baked_potato":4,"minecraft:cactus":1,"minecraft:wooden_pickaxe":20,"pixelmon:blue_berry_wood_trapdoor":1,"minecraft:dirt":18,"minecraft:sand":4,"minecraft:crafting_table":2,"minecraft:oxeye_daisy":1,"minecraft:bread":7,"minecraft:beetroot_seeds":1,"minecraft:potato":13,"minecraft:coarse_dirt":1,"minecraft:acacia_planks":5}},"DataVersion":2586}