{"stats":{"minecraft:broken":{"minecraft:golden_boots":1,"minecraft:stone_pickaxe":1,"minecraft:stone_sword":1,"minecraft:shield":1,"minecraft:iron_pickaxe":2},"minecraft:mined":{"minecraft:spruce_planks":2,"minecraft:white_bed":2,"minecraft:jungle_leaves":1,"minecraft:granite":8,"minecraft:grass_block":50,"minecraft:jungle_log":20,"minecraft:cracked_polished_blackstone_bricks":30,"minecraft:soul_soil":4,"minecraft:nether_wart":9,"minecraft:polished_blackstone_bricks":79,"minecraft:magma_block":1,"minecraft:iron_ore":70,"minecraft:cobbled_deepslate":1,"minecraft:fire":45,"minecraft:deepslate_lapis_ore":2,"minecraft:pointed_dripstone":1,"minecraft:dirt_path":1,"minecraft:jungle_trapdoor":4,"minecraft:deepslate_redstone_ore":2,"minecraft:blackstone":24,"minecraft:soul_fire":84,"minecraft:torch":1,"minecraft:nether_quartz_ore":12,"minecraft:cobblestone":9,"minecraft:warped_nylium":12,"minecraft:dark_oak_slab":1,"minecraft:birch_log":2,"minecraft:wheat":2,"minecraft:oak_log":14,"minecraft:sand":1,"minecraft:dirt":18,"minecraft:netherrack":510,"minecraft:oak_leaves":5,"minecraft:deepslate":82,"minecraft:nether_gold_ore":156,"minecraft:tuff":18,"minecraft:glow_lichen":1,"minecraft:jungle_planks":2,"minecraft:spruce_leaves":1,"minecraft:large_fern":1,"minecraft:hay_block":11,"minecraft:furnace":8,"minecraft:andesite":12,"minecraft:gold_block":12,"minecraft:potatoes":62,"minecraft:deepslate_iron_ore":30,"minecraft:vine":12,"minecraft:warped_stem":11,"minecraft:stone":154,"minecraft:bone_block":63,"minecraft:white_wool":1,"minecraft:glass_pane":1,"minecraft:soul_sand":5,"minecraft:basalt":94,"minecraft:crafting_table":17,"minecraft:short_grass":63,"minecraft:diorite":1,"minecraft:warped_wart_block":3,"minecraft:purple_bed":4,"minecraft:sweet_berry_bush":6,"minecraft:coal_ore":90,"minecraft:cocoa":1,"minecraft:gravel":3,"minecraft:cobweb":1,"minecraft:gold_ore":1,"minecraft:fern":11},"minecraft:killed_by":{"minecraft:ghast":2,"minecraft:wither_skeleton":3,"minecraft:piglin_brute":6,"minecraft:piglin":2,"minecraft:blaze":1,"minecraft:enderman":1,"minecraft:skeleton":1},"minecraft:custom":{"minecraft:interact_with_crafting_table":103,"minecraft:open_barrel":4,"minecraft:leave_game":6,"minecraft:time_since_death":180,"minecraft:sprint_one_cm":1049773,"minecraft:damage_blocked_by_shield":6549,"minecraft:drop":300,"minecraft:talked_to_villager":16,"minecraft:play_time":325998,"minecraft:deaths":19,"minecraft:jump":7530,"minecraft:walk_on_water_one_cm":19884,"minecraft:interact_with_furnace":124,"minecraft:sleep_in_bed":10,"minecraft:damage_dealt":20789,"minecraft:crouch_one_cm":50334,"minecraft:interact_with_smoker":61,"minecraft:mob_kills":141,"minecraft:climb_one_cm":1604,"minecraft:walk_one_cm":515644,"minecraft:sneak_time":14576,"minecraft:walk_under_water_one_cm":9471,"minecraft:boat_one_cm":88043,"minecraft:total_world_time":325998,"minecraft:time_since_rest":205,"minecraft:damage_taken":14145,"minecraft:swim_one_cm":39530,"minecraft:fly_one_cm":1315623,"minecraft:open_chest":147,"minecraft:fall_one_cm":215585},"minecraft:used":{"minecraft:chest":2,"minecraft:shield":102,"minecraft:iron_sword":306,"minecraft:rotten_flesh":4,"minecraft:iron_chestplate":5,"minecraft:soul_sand":2,"minecraft:mutton":6,"minecraft:jungle_planks":8,"minecraft:iron_helmet":2,"minecraft:bow":148,"minecraft:sweet_berries":44,"minecraft:furnace":10,"minecraft:egg":3,"minecraft:potato":109,"minecraft:golden_boots":2,"minecraft:stone_pickaxe":355,"minecraft:oak_planks":15,"minecraft:blackstone":76,"minecraft:wooden_pickaxe":8,"minecraft:jungle_boat":5,"minecraft:white_wool":1,"minecraft:crossbow":16,"minecraft:bread":74,"minecraft:gravel":1,"minecraft:fire_charge":2,"minecraft:oak_boat":6,"minecraft:bone_meal":148,"minecraft:stone_sword":131,"minecraft:spruce_planks":1,"minecraft:cooked_chicken":3,"minecraft:netherrack":346,"minecraft:orange_bed":1,"minecraft:torch":4,"minecraft:dirt":73,"minecraft:warped_wart_block":1,"minecraft:jungle_trapdoor":5,"minecraft:iron_hoe":33,"minecraft:iron_axe":33,"minecraft:iron_boots":2,"minecraft:basalt":23,"minecraft:golden_carrot":8,"minecraft:beef":1,"minecraft:soul_soil":1,"minecraft:cooked_beef":3,"minecraft:cobbled_deepslate":51,"minecraft:golden_axe":23,"minecraft:iron_leggings":6,"minecraft:cooked_mutton":24,"minecraft:water_bucket":1,"minecraft:birch_planks":7,"minecraft:baked_potato":25,"minecraft:polished_blackstone_bricks":47,"minecraft:crafting_table":19,"minecraft:white_bed":3,"minecraft:smoker":1,"minecraft:warped_planks":14,"minecraft:diamond_shovel":40,"minecraft:cracked_polished_blackstone_bricks":1,"minecraft:iron_pickaxe":1145,"minecraft:stone_axe":109,"minecraft:cobblestone":79,"minecraft:potion":1,"minecraft:purple_bed":5,"minecraft:cooked_porkchop":13,"minecraft:bucket":1},"minecraft:crafted":{"minecraft:oak_planks":52,"minecraft:smooth_stone":4,"minecraft:cooked_chicken":7,"minecraft:stone":4,"minecraft:cooked_mutton":17,"minecraft:warped_planks":24,"minecraft:bow":1,"minecraft:iron_boots":3,"minecraft:chest":2,"minecraft:golden_boots":1,"minecraft:smoker":1,"minecraft:cooked_porkchop":13,"minecraft:crafting_table":6,"minecraft:spruce_planks":24,"minecraft:jungle_boat":1,"minecraft:wooden_pickaxe":1,"minecraft:baked_potato":68,"minecraft:iron_helmet":2,"minecraft:hay_block":10,"minecraft:birch_planks":8,"minecraft:iron_chestplate":3,"minecraft:shield":4,"minecraft:stick":36,"minecraft:iron_ingot":77,"minecraft:iron_pickaxe":5,"minecraft:stone_sword":2,"minecraft:gold_ingot":202,"minecraft:furnace":4,"minecraft:jungle_trapdoor":2,"minecraft:bone_meal":318,"minecraft:iron_axe":1,"minecraft:iron_hoe":1,"minecraft:stone_pickaxe":5,"minecraft:wheat":486,"minecraft:cooked_beef":5,"minecraft:iron_sword":3,"minecraft:bucket":2,"minecraft:stone_axe":3,"minecraft:bread":132,"minecraft:air":0,"minecraft:jungle_planks":48,"minecraft:oak_boat":1,"minecraft:iron_leggings":3,"minecraft:white_bed":1,"minecraft:torch":4},"minecraft:dropped":{"minecraft:iron_sword":3,"minecraft:warped_stem":1,"minecraft:soul_sand":51,"minecraft:birch_planks":1,"minecraft:cooked_porkchop":3,"minecraft:dark_oak_slab":2,"minecraft:crossbow":1,"minecraft:warped_roots":1,"minecraft:flint":4,"minecraft:cracked_polished_blackstone_bricks":34,"minecraft:dirt":1,"minecraft:gold_nugget":50,"minecraft:sand":1,"minecraft:polished_blackstone_bricks":1,"minecraft:iron_pickaxe":6,"minecraft:white_wool":7,"minecraft:gold_ingot":218,"minecraft:bone":15,"minecraft:gravel":22,"minecraft:stone_axe":1,"minecraft:blackstone":97,"minecraft:cooked_chicken":5,"minecraft:cobbled_deepslate":2,"minecraft:nether_brick":42,"minecraft:obsidian":12,"minecraft:pointed_dripstone":2,"minecraft:rotten_flesh":6,"minecraft:oak_planks":12,"minecraft:cooked_mutton":11,"minecraft:white_bed":1,"minecraft:jungle_log":4,"minecraft:basalt":10,"minecraft:arrow":2,"minecraft:warped_wart_block":5,"minecraft:crying_obsidian":21,"minecraft:ghast_tear":1,"minecraft:netherrack":94,"minecraft:enchanted_book":1,"minecraft:bread":56,"minecraft:wheat_seeds":16,"minecraft:golden_helmet":2,"minecraft:dripstone_block":4,"minecraft:feather":9,"minecraft:cobblestone":3,"minecraft:spectral_arrow":6,"minecraft:granite":9,"minecraft:stick":1,"minecraft:gray_wool":1,"minecraft:diorite":1,"minecraft:potion":1,"minecraft:iron_leggings":1,"minecraft:iron_axe":4,"minecraft:furnace":1,"minecraft:sweet_berries":1,"minecraft:warped_nylium":2,"minecraft:raw_iron":12,"minecraft:iron_boots":3,"minecraft:piglin_banner_pattern":1,"minecraft:spruce_planks":3,"minecraft:iron_chestplate":1,"minecraft:andesite":4,"minecraft:bow":1,"minecraft:stone_pickaxe":2,"minecraft:magma_block":10},"minecraft:picked_up":{"minecraft:iron_chestplate":11,"minecraft:wheat":2,"minecraft:enchanted_book":2,"minecraft:potion":5,"minecraft:nether_brick":61,"minecraft:string":145,"minecraft:soul_soil":34,"minecraft:iron_leggings":9,"minecraft:gold_nugget":707,"minecraft:cobbled_deepslate":85,"minecraft:bucket":2,"minecraft:spruce_planks":4,"minecraft:iron_pickaxe":19,"minecraft:iron_boots":12,"minecraft:furnace":8,"minecraft:golden_helmet":3,"minecraft:stick":13,"minecraft:torch":1,"minecraft:porkchop":11,"minecraft:golden_axe":2,"minecraft:pointed_dripstone":4,"minecraft:diorite":1,"minecraft:golden_chestplate":1,"minecraft:rotten_flesh":15,"minecraft:iron_block":3,"minecraft:blaze_rod":3,"minecraft:obsidian":28,"minecraft:cobblestone":164,"minecraft:birch_log":2,"minecraft:magma_block":11,"minecraft:feather":18,"minecraft:andesite":15,"minecraft:jungle_log":24,"minecraft:golden_leggings":1,"minecraft:potato":238,"minecraft:flint":2,"minecraft:tuff":18,"minecraft:dirt":77,"minecraft:lapis_lazuli":13,"minecraft:bone":38,"minecraft:bow":4,"minecraft:wheat_seeds":33,"minecraft:raw_gold":1,"minecraft:ghast_tear":3,"minecraft:cooked_porkchop":9,"minecraft:warped_wart_block":6,"minecraft:poisonous_potato":8,"minecraft:jungle_planks":18,"minecraft:sand":1,"minecraft:spectral_arrow":331,"minecraft:iron_hoe":1,"minecraft:spruce_boat":1,"minecraft:cracked_polished_blackstone_bricks":58,"minecraft:crossbow":2,"minecraft:granite":10,"minecraft:golden_horse_armor":1,"minecraft:bread":139,"minecraft:oak_sapling":6,"minecraft:piglin_banner_pattern":1,"minecraft:netherrack":669,"minecraft:cocoa_beans":3,"minecraft:crafting_table":20,"minecraft:splash_potion":5,"minecraft:chicken":9,"minecraft:nether_wart":24,"minecraft:wooden_pickaxe":1,"minecraft:gold_block":12,"minecraft:diamond_horse_armor":1,"minecraft:shield":4,"minecraft:jungle_trapdoor":6,"minecraft:iron_axe":9,"minecraft:blackstone":266,"minecraft:beef":21,"minecraft:oak_boat":6,"minecraft:iron_nugget":33,"minecraft:light_gray_wool":1,"minecraft:egg":3,"minecraft:raw_iron":161,"minecraft:fire_charge":26,"minecraft:polished_blackstone_bricks":77,"minecraft:redstone":19,"minecraft:arrow":95,"minecraft:nether_bricks":1,"minecraft:hay_block":11,"minecraft:saddle":1,"minecraft:gold_ingot":93,"minecraft:mutton":25,"minecraft:white_wool":19,"minecraft:bone_block":68,"minecraft:jungle_boat":5,"minecraft:basalt":166,"minecraft:golden_carrot":12,"minecraft:leather":54,"minecraft:birch_planks":1,"minecraft:oak_log":13,"minecraft:golden_boots":3,"minecraft:gunpowder":7,"minecraft:cooked_mutton":36,"minecraft:warped_stem":13,"minecraft:iron_ingot":13,"minecraft:cooked_chicken":6,"minecraft:glass_bottle":1,"minecraft:soul_sand":150,"minecraft:iron_sword":15,"minecraft:dark_oak_slab":2,"minecraft:birch_boat":1,"minecraft:sweet_berries":40,"minecraft:quartz":70,"minecraft:dripstone_block":8,"minecraft:gravel":231,"minecraft:white_bed":2,"minecraft:crying_obsidian":34,"minecraft:diamond_shovel":2,"minecraft:purple_bed":4,"minecraft:iron_helmet":4,"minecraft:gray_wool":2,"minecraft:warped_roots":1,"minecraft:baked_potato":43,"minecraft:warped_nylium":2,"minecraft:coal":179},"minecraft:killed":{"minecraft:zombified_piglin":2,"minecraft:spider":3,"minecraft:skeleton":24,"minecraft:chicken":9,"minecraft:piglin_brute":2,"minecraft:magma_cube":10,"minecraft:piglin":7,"minecraft:pig":5,"minecraft:sheep":13,"minecraft:zombie":19,"minecraft:ghast":16,"minecraft:blaze":8,"minecraft:cow":7,"minecraft:hoglin":1,"minecraft:wither_skeleton":7,"minecraft:enderman":3}},"DataVersion":3953}