{"stats":{"minecraft:picked_up":{"minecraft:iron_chestplate":3,"minecraft:potion":3,"minecraft:enchanted_book":3,"minecraft:nether_brick":3,"minecraft:brewing_stand":1,"minecraft:golden_sword":1,"minecraft:string":7,"minecraft:raw_copper":18,"minecraft:gold_nugget":457,"minecraft:cobbled_deepslate":441,"minecraft:spruce_planks":45,"minecraft:light_weighted_pressure_plate":1,"minecraft:iron_pickaxe":1,"minecraft:furnace":6,"minecraft:stick":68,"minecraft:oak_fence":1,"minecraft:torch":10,"minecraft:porkchop":16,"minecraft:diorite":24,"minecraft:warped_planks":2,"gobber2:gobber2_foo":5,"gobber2:gobber2_gooey_apple":1,"minecraft:stone_sword":1,"minecraft:rotten_flesh":23,"minecraft:obsidian":3,"minecraft:cobblestone":684,"minecraft:birch_log":23,"minecraft:feather":4,"minecraft:cooked_beef":5,"minecraft:iron_door":2,"minecraft:andesite":112,"minecraft:golden_leggings":1,"minecraft:potato":14,"minecraft:flint":1,"minecraft:tuff":31,"gobber2:gobber2_gooey_bread_nether":3,"minecraft:lapis_lazuli":32,"minecraft:dirt":37,"minecraft:twisting_vines":1,"minecraft:leather_boots":1,"minecraft:glass":1,"minecraft:bone":12,"minecraft:bow":1,"gobber2:gobber2_gooey_beef":10,"minecraft:wheat_seeds":1,"minecraft:raw_gold":6,"minecraft:oak_planks":24,"gobber2:gobber2_gooey_bread":16,"minecraft:ghast_tear":2,"gobber2:gobber2_rod_nether":4,"minecraft:cooked_porkchop":17,"minecraft:sand":26,"minecraft:spectral_arrow":17,"minecraft:dark_oak_log":28,"minecraft:iron_hoe":1,"minecraft:diamond":69,"minecraft:cracked_polished_blackstone_bricks":1,"minecraft:crossbow":1,"minecraft:granite":29,"minecraft:oak_sapling":64,"minecraft:netherrack":156,"gobber2:gobber2_goo":3,"minecraft:diamond_pickaxe":1,"minecraft:crafting_table":12,"minecraft:chicken":3,"gobber2:gobber2_ring_teleport":1,"gobber2:gobber2_rod":3,"minecraft:brown_mushroom":3,"minecraft:gold_block":1,"gobber2:gobber2_arrow_nether":17,"minecraft:oak_trapdoor":5,"minecraft:blackstone":35,"minecraft:beef":38,"minecraft:oak_boat":13,"minecraft:iron_nugget":35,"minecraft:sugar_cane":14,"minecraft:chest":1,"minecraft:birch_sapling":11,"minecraft:egg":2,"minecraft:raw_iron":118,"minecraft:fire_charge":2,"minecraft:polished_blackstone_bricks":24,"minecraft:carrot":1,"minecraft:redstone":5,"gobber2:gobber2_arrow":5,"minecraft:dark_oak_planks":4,"minecraft:arrow":19,"gobber2:gobber2_gooey_beef_nether":5,"minecraft:gold_ingot":11,"minecraft:mutton":20,"minecraft:white_wool":12,"minecraft:basalt":4,"gobber2:gobber2_gooey_beefstew":5,"minecraft:leather":28,"minecraft:oak_log":158,"minecraft:golden_boots":2,"minecraft:gunpowder":5,"gobber2:gobber2_foo_nether":9,"minecraft:apple":8,"minecraft:stone_bricks":2,"minecraft:kelp":4,"minecraft:warped_stem":9,"gobber2:gobber2_gooey_beefstew_nether":5,"minecraft:iron_sword":1,"minecraft:soul_sand":25,"minecraft:book":99,"minecraft:sweet_berries":57,"minecraft:quartz":112,"minecraft:gravel":32,"minecraft:spruce_sapling":6,"minecraft:blast_furnace":7,"minecraft:spruce_log":51,"minecraft:crying_obsidian":9,"minecraft:spider_eye":2,"minecraft:purple_bed":7,"minecraft:stone_axe":1,"minecraft:iron_helmet":1,"minecraft:warped_roots":1,"minecraft:baked_potato":3,"gobber2:gobber2_goo_nether":10,"minecraft:warped_nylium":2,"minecraft:coal":130,"minecraft:ender_pearl":12},"minecraft:crafted":{"minecraft:oak_planks":216,"minecraft:warped_planks":36,"minecraft:glass":24,"minecraft:diamond_helmet":1,"minecraft:diamond_leggings":2,"minecraft:iron_boots":1,"minecraft:chest":4,"minecraft:oak_button":1,"gobber2:gobber2_gooey_apple":16,"minecraft:golden_boots":1,"minecraft:smoker":1,"minecraft:crafting_table":10,"minecraft:spruce_planks":180,"travelersbackpack:standard":2,"minecraft:wooden_pickaxe":2,"minecraft:iron_helmet":1,"minecraft:iron_chestplate":1,"minecraft:diamond_pickaxe":2,"minecraft:shield":2,"minecraft:stick":32,"minecraft:iron_ingot":51,"minecraft:iron_pickaxe":4,"minecraft:stone_sword":2,"minecraft:gold_ingot":45,"minecraft:shears":1,"minecraft:furnace":4,"minecraft:oak_trapdoor":2,"travelersbackpack:white_sleeping_bag":2,"minecraft:stone_pickaxe":2,"minecraft:diamond_boots":2,"minecraft:dark_oak_planks":64,"minecraft:golden_helmet":1,"minecraft:cooked_beef":11,"minecraft:diamond_sword":1,"travelersbackpack:backpack_tank":4,"minecraft:iron_sword":2,"minecraft:bucket":1,"minecraft:stone_axe":3,"minecraft:air":0,"minecraft:oak_boat":1,"minecraft:wooden_axe":1,"minecraft:iron_leggings":1,"minecraft:torch":8,"minecraft:diamond_chestplate":2},"minecraft:used":{"gobber2:gobber2_gooey_bread":13,"minecraft:chest":2,"minecraft:shield":17,"minecraft:iron_sword":163,"minecraft:iron_chestplate":3,"gobber2:gobber2_goo_nether":2,"minecraft:warped_nylium":2,"minecraft:iron_helmet":1,"gobber2:gobber2_gooey_apple":3,"minecraft:bow":2,"minecraft:sweet_berries":41,"minecraft:furnace":7,"minecraft:golden_boots":1,"minecraft:diamond_boots":1,"minecraft:stone_pickaxe":153,"minecraft:oak_planks":80,"minecraft:blackstone":17,"minecraft:ender_pearl":2,"minecraft:wooden_pickaxe":19,"gobber2:gobber2_ring_teleport":25,"minecraft:blast_furnace":5,"minecraft:crossbow":73,"gobber2:gobber2_gooey_beefstew":2,"minecraft:bread":17,"minecraft:fire_charge":1,"minecraft:oak_boat":12,"minecraft:oak_trapdoor":6,"minecraft:stone_sword":195,"minecraft:spruce_planks":67,"minecraft:netherrack":82,"minecraft:torch":16,"minecraft:dirt":9,"minecraft:dark_oak_planks":34,"minecraft:wooden_axe":18,"minecraft:iron_boots":1,"gobber2:gobber2_gooey_beef":7,"minecraft:diamond_chestplate":1,"minecraft:basalt":3,"minecraft:beef":4,"minecraft:cooked_beef":13,"minecraft:cobbled_deepslate":124,"minecraft:iron_leggings":2,"minecraft:water_bucket":18,"minecraft:baked_potato":3,"minecraft:polished_blackstone_bricks":24,"minecraft:crafting_table":21,"minecraft:smoker":1,"minecraft:spruce_log":3,"minecraft:warped_planks":34,"minecraft:oak_log":1,"minecraft:diamond_pickaxe":839,"minecraft:apple":4,"minecraft:cracked_polished_blackstone_bricks":1,"minecraft:iron_pickaxe":844,"gobber2:gobber2_gooey_beefstew_nether":1,"minecraft:stone_axe":147,"minecraft:cobblestone":196,"minecraft:purple_bed":6,"minecraft:porkchop":1,"minecraft:cooked_porkchop":15,"minecraft:bucket":24,"minecraft:diamond_leggings":1,"gobber2:gobber2_gooey_beef_nether":4},"minecraft:mined":{"minecraft:dark_oak_planks":3,"minecraft:spruce_planks":1,"minecraft:oak_sapling":13,"minecraft:brewing_stand":1,"minecraft:granite":10,"minecraft:grass_block":6,"gobber2:gobber2_lucky_block":13,"minecraft:cracked_polished_blackstone_bricks":2,"minecraft:polished_blackstone_bricks":34,"minecraft:iron_ore":54,"minecraft:cobbled_deepslate":7,"minecraft:fire":49,"minecraft:deepslate_lapis_ore":1,"minecraft:deepslate_redstone_ore":1,"minecraft:brown_mushroom":2,"minecraft:blackstone":11,"minecraft:soul_fire":9,"minecraft:powder_snow":6,"minecraft:torch":10,"minecraft:blast_furnace":7,"gobber2:gobber2_lucky_block_nether":44,"minecraft:nether_quartz_ore":114,"minecraft:cobblestone":14,"minecraft:sugar_cane":6,"minecraft:oak_planks":8,"minecraft:iron_door":4,"minecraft:wall_torch":1,"minecraft:birch_sapling":3,"minecraft:warped_planks":2,"minecraft:oak_log":26,"minecraft:sand":27,"minecraft:dirt":17,"minecraft:netherrack":192,"minecraft:oak_leaves":2,"minecraft:deepslate":405,"minecraft:nether_gold_ore":116,"minecraft:tuff":48,"minecraft:deepslate_diamond_ore":69,"minecraft:spruce_leaves":8,"minecraft:kelp":4,"minecraft:large_fern":7,"minecraft:oak_trapdoor":5,"minecraft:furnace":6,"minecraft:andesite":24,"minecraft:gold_block":1,"minecraft:bookshelf":33,"minecraft:deepslate_iron_ore":23,"minecraft:warped_stem":9,"minecraft:stone":485,"minecraft:soul_sand":1,"minecraft:basalt":5,"minecraft:oak_fence":2,"minecraft:crafting_table":13,"minecraft:short_grass":9,"minecraft:blackstone_slab":1,"minecraft:sculk_sensor":1,"minecraft:tall_grass":3,"minecraft:lapis_ore":4,"minecraft:deepslate_gold_ore":12,"minecraft:diorite":10,"minecraft:purple_bed":7,"minecraft:sweet_berry_bush":31,"minecraft:spruce_log":8,"gobber2:gobber2_lucky_block_deepslate":33,"minecraft:coal_ore":54,"minecraft:gravel":13,"minecraft:cobweb":2,"minecraft:stone_bricks":2,"minecraft:fern":1},"minecraft:custom":{"minecraft:interact_with_crafting_table":72,"minecraft:leave_game":9,"minecraft:time_since_death":125425,"minecraft:sprint_one_cm":1127578,"minecraft:damage_blocked_by_shield":650,"minecraft:drop":191,"minecraft:play_time":323218,"minecraft:deaths":2,"minecraft:jump":7451,"minecraft:walk_on_water_one_cm":24392,"minecraft:interact_with_furnace":71,"minecraft:sleep_in_bed":7,"minecraft:damage_dealt":16958,"minecraft:crouch_one_cm":49482,"minecraft:interact_with_smoker":2,"minecraft:mob_kills":120,"minecraft:climb_one_cm":1406,"minecraft:walk_one_cm":427480,"minecraft:sneak_time":17203,"minecraft:walk_under_water_one_cm":17146,"minecraft:boat_one_cm":579210,"minecraft:interact_with_blast_furnace":30,"minecraft:total_world_time":323218,"minecraft:time_since_rest":34492,"minecraft:damage_taken":6356,"minecraft:swim_one_cm":59021,"minecraft:fly_one_cm":1228291,"minecraft:open_chest":67,"minecraft:fall_one_cm":209551},"minecraft:broken":{"minecraft:golden_boots":1,"minecraft:stone_sword":1,"minecraft:iron_pickaxe":3},"minecraft:killed":{"minecraft:spider":6,"minecraft:skeleton":20,"minecraft:chicken":3,"minecraft:silverfish":2,"minecraft:piglin_brute":1,"minecraft:piglin":6,"minecraft:pig":7,"minecraft:creeper":4,"minecraft:sheep":12,"minecraft:zombie":16,"minecraft:ghast":6,"minecraft:cow":16,"minecraft:blaze":18,"minecraft:enderman":2},"minecraft:killed_by":{"minecraft:player":1},"minecraft:dropped":{"minecraft:iron_sword":1,"minecraft:soul_sand":12,"minecraft:brown_mushroom":3,"minecraft:porkchop":12,"minecraft:lapis_lazuli":27,"minecraft:cooked_beef":3,"minecraft:ender_pearl":2,"minecraft:cooked_porkchop":2,"minecraft:crossbow":1,"minecraft:warped_roots":1,"minecraft:leather":4,"gobber2:gobber2_gooey_apple":1,"minecraft:light_weighted_pressure_plate":2,"minecraft:dirt":17,"gobber2:gobber2_goo_nether":1,"minecraft:mutton":4,"minecraft:gold_nugget":20,"minecraft:iron_pickaxe":2,"gobber2:gobber2_arrow_nether":2,"minecraft:white_wool":1,"minecraft:gold_ingot":55,"minecraft:bone":11,"minecraft:gravel":27,"minecraft:stone_axe":4,"minecraft:blackstone":15,"minecraft:iron_nugget":3,"minecraft:golden_chestplate":1,"minecraft:cobbled_deepslate":82,"minecraft:twisting_vines":1,"minecraft:nether_brick":3,"minecraft:obsidian":3,"minecraft:rotten_flesh":11,"minecraft:oak_planks":9,"gobber2:gobber2_foo_nether":4,"minecraft:leather_chestplate":1,"minecraft:gunpowder":1,"minecraft:leather_boots":1,"minecraft:leather_leggings":1,"minecraft:arrow":3,"minecraft:glass":1,"minecraft:beef":4,"minecraft:crying_obsidian":9,"minecraft:quartz":83,"minecraft:netherrack":2,"minecraft:egg":2,"minecraft:golden_boots":2,"minecraft:enchanted_book":3,"minecraft:bread":1,"minecraft:wheat_seeds":1,"gobber2:gobber2_foo":2,"minecraft:iron_helmet":2,"minecraft:feather":2,"minecraft:cobblestone":198,"minecraft:granite":4,"minecraft:stick":3,"minecraft:diorite":14,"minecraft:torch":2,"minecraft:lodestone":1,"gobber2:gobber2_ring_teleport":1,"minecraft:wooden_axe":1,"minecraft:potion":1,"minecraft:paper":1,"minecraft:spruce_sapling":6,"minecraft:redstone":5,"minecraft:kelp":4,"minecraft:sweet_berries":16,"minecraft:oak_trapdoor":1,"minecraft:stone_sword":2,"minecraft:tuff":26,"minecraft:raw_iron":3,"minecraft:chicken":3,"minecraft:iron_hoe":1,"minecraft:potato":28,"minecraft:oak_button":1,"minecraft:spruce_planks":149,"minecraft:iron_chestplate":3,"minecraft:diamond_pickaxe":1,"minecraft:andesite":64,"minecraft:golden_leggings":2,"minecraft:oak_boat":1,"minecraft:oak_sapling":16,"minecraft:spider_eye":2,"minecraft:bow":1,"minecraft:stone_pickaxe":2,"minecraft:wooden_pickaxe":2,"minecraft:raw_gold":3}},"DataVersion":3953}