{"stats":{"minecraft:dropped":{"minecraft:iron_sword":5,"minecraft:birch_planks":3,"minecraft:soul_sand":12,"minecraft:brown_mushroom":3,"minecraft:porkchop":12,"minecraft:lapis_lazuli":27,"minecraft:cooked_beef":3,"minecraft:oak_log":64,"minecraft:ender_pearl":2,"minecraft:cooked_porkchop":2,"minecraft:crossbow":1,"minecraft:warped_roots":1,"minecraft:leather":11,"gobber2:gobber2_gooey_apple":1,"minecraft:birch_slab":1,"minecraft:light_weighted_pressure_plate":2,"minecraft:cracked_polished_blackstone_bricks":18,"minecraft:dirt":19,"gobber2:gobber2_goo_nether":1,"minecraft:polished_blackstone_brick_stairs":2,"minecraft:mutton":4,"minecraft:gold_nugget":40,"minecraft:polished_blackstone_bricks":30,"gobber2:gobber2_staff_stars":1,"minecraft:iron_pickaxe":3,"gobber2:gobber2_arrow_nether":2,"minecraft:white_wool":1,"minecraft:gold_ingot":65,"minecraft:bone":13,"minecraft:gravel":47,"minecraft:stone_axe":4,"minecraft:blackstone":27,"minecraft:iron_nugget":11,"minecraft:golden_chestplate":1,"minecraft:cobbled_deepslate":118,"minecraft:nether_brick":3,"minecraft:twisting_vines":1,"minecraft:obsidian":3,"minecraft:rotten_flesh":20,"minecraft:oak_planks":9,"minecraft:glowstone_dust":1,"gobber2:gobber2_foo_nether":4,"minecraft:leather_chestplate":1,"minecraft:gunpowder":1,"minecraft:hopper":1,"minecraft:leather_boots":1,"minecraft:chest":1,"minecraft:leather_leggings":1,"minecraft:basalt":5,"minecraft:arrow":3,"minecraft:glass":1,"minecraft:beef":4,"minecraft:crying_obsidian":11,"minecraft:quartz":83,"minecraft:netherrack":4,"minecraft:egg":2,"minecraft:iron_ingot":15,"minecraft:golden_boots":2,"minecraft:enchanted_book":3,"minecraft:bread":1,"minecraft:wheat_seeds":9,"gobber2:gobber2_foo":2,"minecraft:iron_helmet":2,"minecraft:feather":2,"minecraft:cobblestone":206,"minecraft:granite":4,"minecraft:stick":10,"minecraft:diorite":26,"minecraft:torch":2,"minecraft:lodestone":1,"gobber2:gobber2_ring_teleport":1,"minecraft:wooden_axe":1,"minecraft:potion":1,"minecraft:paper":1,"minecraft:spruce_sapling":6,"minecraft:redstone":5,"minecraft:kelp":4,"minecraft:sweet_berries":16,"minecraft:oak_trapdoor":1,"minecraft:stone_sword":2,"minecraft:tuff":56,"minecraft:raw_iron":3,"minecraft:chicken":3,"minecraft:iron_hoe":1,"minecraft:potato":28,"minecraft:shield":1,"minecraft:oak_button":3,"minecraft:spruce_planks":149,"minecraft:diamond_pickaxe":2,"minecraft:iron_chestplate":3,"minecraft:andesite":100,"minecraft:golden_leggings":3,"minecraft:oak_boat":1,"minecraft:oak_sapling":45,"minecraft:spider_eye":2,"minecraft:bow":1,"minecraft:stone_pickaxe":2,"minecraft:wooden_pickaxe":2,"minecraft:raw_gold":3,"minecraft:black_wool":1},"minecraft:crafted":{"minecraft:oak_planks":256,"minecraft:barrel":4,"minecraft:birch_boat":1,"minecraft:birch_slab":6,"minecraft:diamond_shovel":1,"minecraft:warped_planks":36,"minecraft:glass":38,"minecraft:hopper":2,"minecraft:diamond_helmet":1,"minecraft:diamond_leggings":2,"minecraft:iron_boots":1,"minecraft:chest":7,"minecraft:oak_button":3,"minecraft:birch_button":6,"minecraft:gray_bed":1,"gobber2:gobber2_gooey_apple":16,"minecraft:golden_boots":2,"minecraft:smoker":1,"minecraft:oak_slab":6,"travelersbackpack:iron_tier_upgrade":1,"minecraft:diamond_axe":1,"minecraft:crafting_table":11,"minecraft:spruce_planks":192,"minecraft:iron_helmet":1,"minecraft:wooden_pickaxe":2,"travelersbackpack:standard":3,"minecraft:smithing_table":1,"minecraft:birch_planks":128,"minecraft:iron_chestplate":1,"minecraft:diamond_pickaxe":4,"minecraft:shield":2,"minecraft:stick":56,"minecraft:iron_ingot":51,"minecraft:iron_pickaxe":7,"minecraft:stone_sword":2,"minecraft:gold_ingot":104,"minecraft:shears":1,"minecraft:furnace":4,"travelersbackpack:blank_upgrade":4,"travelersbackpack:gold_tier_upgrade":1,"minecraft:oak_trapdoor":2,"travelersbackpack:white_sleeping_bag":2,"minecraft:stone_pickaxe":2,"minecraft:diamond_boots":2,"minecraft:dark_oak_planks":76,"minecraft:golden_helmet":1,"minecraft:birch_sign":9,"travelersbackpack:diamond_tier_upgrade":1,"minecraft:cooked_beef":11,"minecraft:diamond_sword":1,"travelersbackpack:backpack_tank":6,"minecraft:iron_sword":5,"gobber2:gobber2_staff_stars":1,"minecraft:bucket":2,"minecraft:stone_axe":3,"minecraft:air":0,"gobber2:gobber2_staff_ensnarement":1,"minecraft:oak_boat":2,"minecraft:wooden_axe":1,"minecraft:iron_leggings":1,"minecraft:white_bed":2,"minecraft:torch":12,"minecraft:diamond_chestplate":2},"minecraft:broken":{"minecraft:golden_boots":1,"minecraft:stone_sword":1,"minecraft:iron_pickaxe":3},"minecraft:killed":{"minecraft:spider":7,"minecraft:skeleton":25,"minecraft:chicken":4,"minecraft:silverfish":2,"minecraft:piglin_brute":6,"minecraft:magma_cube":1,"minecraft:piglin":14,"minecraft:pig":7,"minecraft:zombie_villager":1,"minecraft:creeper":4,"minecraft:sheep":20,"minecraft:zombie":66,"minecraft:ghast":10,"minecraft:cow":17,"minecraft:blaze":18,"minecraft:enderman":3},"minecraft:used":{"gobber2:gobber2_gooey_bread":17,"minecraft:chest":3,"minecraft:shield":26,"minecraft:iron_sword":163,"minecraft:iron_chestplate":3,"gobber2:gobber2_goo_nether":4,"minecraft:obsidian":4,"minecraft:lava_bucket":1,"minecraft:warped_nylium":2,"minecraft:iron_helmet":1,"gobber2:gobber2_gooey_apple":16,"minecraft:birch_button":6,"minecraft:bow":2,"minecraft:sweet_berries":41,"minecraft:furnace":7,"minecraft:gray_bed":1,"minecraft:golden_boots":1,"minecraft:diamond_boots":1,"minecraft:oak_planks":80,"minecraft:stone_pickaxe":153,"minecraft:ender_pearl":2,"minecraft:blackstone":17,"minecraft:wooden_pickaxe":19,"gobber2:gobber2_ring_teleport":31,"minecraft:diamond_axe":76,"minecraft:blast_furnace":5,"minecraft:crossbow":157,"gobber2:gobber2_gooey_bread_nether":6,"gobber2:gobber2_gooey_beefstew":2,"minecraft:birch_slab":7,"minecraft:bread":17,"minecraft:diamond_sword":191,"minecraft:fire_charge":1,"gobber2:gobber2_staff_stars":3,"minecraft:smithing_table":1,"minecraft:andesite":6,"minecraft:oak_boat":13,"minecraft:experience_bottle":26,"minecraft:oak_trapdoor":6,"minecraft:stone_sword":195,"minecraft:spruce_planks":67,"minecraft:netherrack":479,"minecraft:torch":26,"minecraft:dirt":670,"minecraft:hopper":1,"minecraft:dark_oak_planks":34,"minecraft:wooden_axe":18,"minecraft:iron_boots":1,"minecraft:barrel":4,"gobber2:gobber2_gooey_beef":12,"gobber2:gobber2_staff_ensnarement":11,"minecraft:diamond_chestplate":1,"minecraft:basalt":3,"minecraft:golden_carrot":2,"minecraft:beef":4,"minecraft:cooked_beef":13,"minecraft:cobbled_deepslate":152,"minecraft:iron_leggings":2,"minecraft:water_bucket":24,"minecraft:birch_planks":40,"minecraft:baked_potato":3,"minecraft:birch_boat":1,"minecraft:polished_blackstone_bricks":32,"minecraft:crafting_table":22,"minecraft:birch_sign":10,"minecraft:white_bed":2,"minecraft:spruce_log":3,"minecraft:warped_planks":34,"minecraft:smoker":1,"minecraft:oak_log":1,"minecraft:diamond_pickaxe":2802,"minecraft:apple":4,"minecraft:diamond_shovel":1066,"minecraft:cracked_polished_blackstone_bricks":1,"minecraft:oak_button":1,"minecraft:iron_pickaxe":844,"gobber2:gobber2_gooey_beefstew_nether":1,"minecraft:stone_axe":147,"minecraft:cobblestone":240,"minecraft:purple_bed":6,"travelersbackpack:standard":1,"minecraft:porkchop":1,"minecraft:cooked_porkchop":16,"minecraft:bucket":31,"minecraft:diamond_leggings":1,"gobber2:gobber2_gooey_beef_nether":9},"minecraft:killed_by":{"minecraft:player":1},"minecraft:custom":{"minecraft:interact_with_crafting_table":118,"minecraft:open_barrel":10,"minecraft:leave_game":13,"minecraft:time_since_death":64258,"minecraft:sprint_one_cm":1852956,"minecraft:damage_blocked_by_shield":910,"minecraft:drop":254,"minecraft:talked_to_villager":1,"minecraft:play_time":558496,"minecraft:deaths":3,"minecraft:jump":11585,"minecraft:walk_on_water_one_cm":34268,"minecraft:enchant_item":11,"minecraft:interact_with_furnace":77,"minecraft:sleep_in_bed":18,"minecraft:damage_dealt":27219,"minecraft:crouch_one_cm":105581,"minecraft:interact_with_smoker":6,"minecraft:interact_with_smithing_table":9,"minecraft:interact_with_anvil":2,"minecraft:mob_kills":215,"minecraft:inspect_hopper":1,"minecraft:climb_one_cm":1463,"minecraft:walk_one_cm":739819,"minecraft:sneak_time":34918,"minecraft:walk_under_water_one_cm":22564,"minecraft:boat_one_cm":579445,"minecraft:interact_with_blast_furnace":35,"minecraft:total_world_time":558496,"minecraft:time_since_rest":34583,"minecraft:damage_taken":8700,"minecraft:swim_one_cm":110584,"minecraft:fly_one_cm":1933547,"minecraft:open_chest":216,"minecraft:fall_one_cm":315769},"minecraft:picked_up":{"minecraft:iron_chestplate":3,"minecraft:potion":3,"minecraft:enchanted_book":4,"minecraft:nether_brick":3,"minecraft:brewing_stand":1,"minecraft:golden_sword":2,"minecraft:polished_blackstone_brick_stairs":2,"minecraft:string":7,"minecraft:raw_copper":18,"minecraft:experience_bottle":20,"minecraft:gold_nugget":622,"minecraft:cobbled_deepslate":737,"minecraft:spruce_planks":45,"minecraft:light_weighted_pressure_plate":1,"minecraft:iron_pickaxe":1,"minecraft:furnace":6,"minecraft:stick":92,"minecraft:oak_fence":1,"minecraft:torch":16,"minecraft:porkchop":16,"minecraft:diorite":36,"minecraft:warped_planks":2,"gobber2:gobber2_foo":8,"minecraft:stone_sword":1,"gobber2:gobber2_gooey_apple":1,"minecraft:rotten_flesh":32,"minecraft:obsidian":3,"minecraft:cobblestone":843,"minecraft:birch_log":55,"minecraft:feather":5,"minecraft:cooked_beef":5,"minecraft:iron_door":2,"minecraft:birch_slab":4,"minecraft:andesite":184,"minecraft:golden_leggings":2,"minecraft:potato":14,"minecraft:flint":1,"minecraft:tuff":61,"gobber2:gobber2_gooey_bread_nether":9,"minecraft:lapis_lazuli":70,"minecraft:dirt":728,"minecraft:twisting_vines":1,"minecraft:leather_boots":1,"minecraft:glass":1,"minecraft:bone":14,"minecraft:bow":1,"gobber2:gobber2_gooey_beef":14,"minecraft:wheat_seeds":13,"minecraft:raw_gold":6,"minecraft:glowstone_dust":3,"minecraft:oak_planks":24,"gobber2:gobber2_gooey_bread":18,"minecraft:ghast_tear":2,"gobber2:gobber2_rod_nether":6,"minecraft:cooked_porkchop":19,"minecraft:sand":40,"minecraft:spectral_arrow":48,"minecraft:dark_oak_log":28,"minecraft:iron_hoe":1,"minecraft:diamond":85,"minecraft:cracked_polished_blackstone_bricks":19,"minecraft:crossbow":1,"minecraft:granite":48,"minecraft:emerald":2,"minecraft:oak_sapling":95,"minecraft:netherrack":683,"gobber2:gobber2_goo":6,"minecraft:diamond_pickaxe":1,"minecraft:crafting_table":12,"minecraft:chicken":4,"gobber2:gobber2_ring_teleport":1,"gobber2:gobber2_rod":5,"minecraft:brown_mushroom":6,"minecraft:gold_block":19,"gobber2:gobber2_arrow_nether":21,"minecraft:shield":1,"minecraft:oak_trapdoor":5,"minecraft:blackstone":59,"minecraft:beef":41,"minecraft:oak_boat":14,"minecraft:iron_nugget":43,"minecraft:sugar_cane":14,"minecraft:chest":2,"minecraft:birch_sapling":23,"minecraft:egg":4,"minecraft:raw_iron":125,"minecraft:fire_charge":2,"minecraft:polished_blackstone_bricks":124,"minecraft:carrot":1,"minecraft:redstone":7,"gobber2:gobber2_arrow":5,"minecraft:dark_oak_planks":4,"minecraft:arrow":23,"gobber2:gobber2_gooey_beef_nether":10,"minecraft:gold_ingot":15,"minecraft:mutton":31,"minecraft:white_wool":18,"minecraft:basalt":14,"gobber2:gobber2_gooey_beefstew":7,"minecraft:leather":33,"minecraft:birch_planks":39,"minecraft:oak_log":232,"minecraft:ancient_debris":5,"minecraft:golden_boots":2,"minecraft:gunpowder":5,"gobber2:gobber2_foo_nether":15,"minecraft:apple":14,"minecraft:stone_bricks":2,"minecraft:kelp":4,"minecraft:warped_stem":9,"minecraft:iron_ingot":1,"gobber2:gobber2_gooey_beefstew_nether":9,"minecraft:iron_sword":2,"minecraft:soul_sand":27,"minecraft:book":99,"minecraft:warped_fungus":1,"minecraft:sweet_berries":57,"minecraft:quartz":464,"minecraft:gravel":72,"minecraft:spruce_sapling":6,"minecraft:blast_furnace":7,"minecraft:white_bed":1,"minecraft:spruce_log":51,"minecraft:crying_obsidian":11,"minecraft:spider_eye":3,"minecraft:purple_bed":7,"minecraft:stone_axe":1,"minecraft:iron_helmet":1,"minecraft:birch_sign":1,"minecraft:gray_wool":1,"minecraft:warped_roots":1,"minecraft:oak_button":3,"minecraft:baked_potato":3,"minecraft:black_wool":1,"minecraft:warped_nylium":2,"gobber2:gobber2_goo_nether":12,"minecraft:coal":130,"minecraft:hopper":2,"minecraft:ender_pearl":13},"minecraft:mined":{"minecraft:dark_oak_planks":3,"minecraft:spruce_planks":1,"minecraft:white_bed":1,"minecraft:oak_sapling":22,"minecraft:brewing_stand":1,"minecraft:granite":29,"minecraft:grass_block":377,"gobber2:gobber2_lucky_block":21,"minecraft:cracked_polished_blackstone_bricks":28,"minecraft:composter":1,"minecraft:tuff_bricks":5,"minecraft:gilded_blackstone":1,"minecraft:polished_blackstone_bricks":187,"minecraft:glowstone":1,"minecraft:iron_ore":54,"minecraft:cobbled_deepslate":11,"minecraft:fire":81,"minecraft:deepslate_lapis_ore":1,"minecraft:dirt_path":9,"minecraft:birch_wall_sign":1,"minecraft:deepslate_redstone_ore":1,"minecraft:brown_mushroom":2,"minecraft:blackstone":19,"minecraft:crimson_nylium":3,"minecraft:soul_fire":9,"minecraft:powder_snow":6,"minecraft:torch":10,"minecraft:blast_furnace":7,"gobber2:gobber2_lucky_block_nether":75,"minecraft:chest":1,"minecraft:nether_quartz_ore":493,"minecraft:cobblestone":20,"minecraft:waxed_chiseled_copper":1,"minecraft:sugar_cane":6,"minecraft:oak_planks":8,"minecraft:iron_door":4,"minecraft:wall_torch":1,"minecraft:birch_sapling":9,"minecraft:warped_planks":2,"minecraft:birch_log":1,"minecraft:waxed_copper_block":2,"minecraft:oak_log":26,"minecraft:sand":42,"minecraft:dirt":333,"minecraft:netherrack":855,"minecraft:ancient_debris":5,"minecraft:oak_leaves":10,"minecraft:deepslate":696,"minecraft:nether_gold_ore":159,"minecraft:tuff":74,"minecraft:deepslate_diamond_ore":88,"minecraft:birch_slab":4,"minecraft:spruce_leaves":8,"minecraft:kelp":4,"minecraft:large_fern":7,"minecraft:oak_trapdoor":5,"minecraft:furnace":6,"minecraft:polished_basalt":4,"minecraft:andesite":50,"minecraft:gold_block":13,"minecraft:bookshelf":33,"minecraft:deepslate_iron_ore":30,"minecraft:warped_stem":9,"minecraft:stone":633,"minecraft:soul_sand":3,"minecraft:basalt":19,"minecraft:oak_fence":2,"minecraft:crafting_table":14,"minecraft:short_grass":27,"minecraft:blackstone_slab":1,"minecraft:emerald_ore":2,"minecraft:sculk_sensor":1,"minecraft:tall_grass":3,"minecraft:lapis_ore":4,"minecraft:deepslate_gold_ore":12,"minecraft:polished_blackstone_brick_stairs":5,"minecraft:diorite":22,"minecraft:birch_planks":40,"minecraft:purple_bed":7,"minecraft:sweet_berry_bush":31,"minecraft:spruce_log":8,"gobber2:gobber2_lucky_block_deepslate":41,"minecraft:coal_ore":54,"minecraft:gravel":15,"minecraft:cobweb":2,"minecraft:oak_button":1,"minecraft:stone_bricks":2,"minecraft:fern":1}},"DataVersion":3953}