{"stats":{"minecraft:crafted":{"minecraft:smooth_stone":4,"minecraft:oak_planks":52,"minecraft:cooked_chicken":7,"minecraft:stone":4,"minecraft:bookshelf":7,"minecraft:cooked_mutton":17,"minecraft:warped_planks":24,"minecraft:bow":2,"minecraft:iron_boots":3,"minecraft:chest":2,"minecraft:golden_boots":2,"minecraft:smoker":1,"minecraft:cooked_porkchop":13,"minecraft:crafting_table":7,"minecraft:spruce_planks":24,"minecraft:jungle_boat":1,"minecraft:iron_helmet":4,"minecraft:wooden_pickaxe":1,"minecraft:baked_potato":183,"minecraft:hay_block":10,"minecraft:birch_planks":8,"minecraft:diamond_pickaxe":1,"minecraft:book":25,"minecraft:iron_chestplate":3,"minecraft:paper":75,"minecraft:shield":4,"minecraft:stick":44,"minecraft:iron_ingot":77,"minecraft:iron_pickaxe":5,"minecraft:stone_sword":2,"minecraft:gold_ingot":217,"minecraft:furnace":4,"minecraft:jungle_trapdoor":2,"minecraft:bone_meal":372,"minecraft:iron_axe":2,"minecraft:iron_hoe":1,"minecraft:stone_pickaxe":5,"minecraft:wheat":486,"minecraft:cooked_beef":5,"minecraft:iron_sword":3,"minecraft:bucket":2,"minecraft:stone_axe":3,"minecraft:air":0,"minecraft:acacia_boat":1,"minecraft:bread":132,"minecraft:jungle_planks":168,"minecraft:oak_boat":1,"minecraft:iron_leggings":3,"minecraft:white_bed":1,"minecraft:acacia_planks":16,"minecraft:torch":16},"minecraft:broken":{"minecraft:golden_boots":1,"minecraft:stone_pickaxe":1,"minecraft:stone_sword":1,"minecraft:shield":2,"minecraft:iron_pickaxe":2},"minecraft:mined":{"minecraft:white_bed":2,"minecraft:spruce_planks":2,"minecraft:jungle_leaves":2,"minecraft:granite":29,"minecraft:acacia_log":4,"minecraft:grass_block":701,"minecraft:jungle_log":51,"minecraft:cracked_polished_blackstone_bricks":30,"minecraft:soul_soil":4,"minecraft:nether_wart":9,"minecraft:polished_blackstone_bricks":79,"minecraft:magma_block":1,"minecraft:iron_ore":70,"minecraft:cobbled_deepslate":1,"minecraft:fire":48,"minecraft:deepslate_lapis_ore":2,"minecraft:pointed_dripstone":1,"minecraft:dirt_path":1,"minecraft:jungle_trapdoor":4,"minecraft:deepslate_redstone_ore":2,"minecraft:blackstone":24,"minecraft:soul_fire":84,"minecraft:torch":1,"minecraft:nether_quartz_ore":12,"minecraft:cobblestone":10,"minecraft:sugar_cane":144,"minecraft:iron_door":2,"minecraft:wall_torch":4,"minecraft:warped_nylium":12,"minecraft:dark_oak_slab":1,"minecraft:birch_log":2,"minecraft:wheat":2,"minecraft:oak_log":18,"minecraft:sand":125,"minecraft:dirt":284,"minecraft:netherrack":528,"minecraft:oak_leaves":56,"minecraft:deepslate":84,"minecraft:nether_gold_ore":156,"minecraft:tuff":18,"minecraft:glow_lichen":1,"minecraft:jungle_planks":2,"minecraft:spruce_leaves":1,"minecraft:sandstone":3,"minecraft:large_fern":1,"minecraft:hay_block":11,"minecraft:furnace":8,"minecraft:andesite":35,"minecraft:gold_block":12,"minecraft:bookshelf":28,"minecraft:potatoes":95,"minecraft:deepslate_iron_ore":30,"minecraft:vine":22,"minecraft:warped_stem":11,"minecraft:stone":209,"minecraft:bone_block":65,"minecraft:white_wool":1,"minecraft:glass_pane":1,"minecraft:soul_sand":5,"minecraft:basalt":94,"minecraft:oak_fence":1,"minecraft:crafting_table":18,"minecraft:short_grass":177,"minecraft:tall_grass":2,"minecraft:diorite":14,"minecraft:warped_wart_block":3,"minecraft:purple_bed":4,"minecraft:sweet_berry_bush":6,"minecraft:coal_ore":90,"minecraft:cocoa":1,"minecraft:gravel":3,"minecraft:cobweb":12,"minecraft:cracked_stone_bricks":2,"minecraft:acacia_planks":16,"minecraft:stone_bricks":11,"minecraft:mossy_stone_bricks":3,"minecraft:gold_ore":1,"minecraft:fern":39},"minecraft:dropped":{"minecraft:iron_sword":7,"minecraft:warped_stem":1,"minecraft:soul_sand":51,"minecraft:birch_planks":1,"minecraft:oak_log":2,"minecraft:baked_potato":9,"minecraft:glass_bottle":1,"minecraft:cooked_porkchop":3,"minecraft:dark_oak_slab":2,"minecraft:crossbow":2,"minecraft:warped_roots":1,"minecraft:cracked_stone_bricks":2,"minecraft:flint":4,"minecraft:cracked_polished_blackstone_bricks":34,"minecraft:dirt":4,"minecraft:gold_nugget":50,"minecraft:sand":1,"minecraft:polished_blackstone_bricks":1,"minecraft:iron_pickaxe":9,"minecraft:white_wool":11,"minecraft:gold_ingot":278,"minecraft:bone":16,"minecraft:gravel":114,"minecraft:stone_axe":1,"minecraft:blackstone":141,"minecraft:iron_nugget":2,"minecraft:cooked_chicken":5,"minecraft:cobbled_deepslate":2,"minecraft:nether_brick":42,"minecraft:obsidian":12,"minecraft:pointed_dripstone":2,"minecraft:rotten_flesh":18,"minecraft:oak_planks":12,"minecraft:cooked_mutton":11,"minecraft:white_bed":1,"minecraft:jungle_log":4,"minecraft:basalt":64,"minecraft:arrow":2,"minecraft:warped_wart_block":5,"minecraft:crying_obsidian":28,"minecraft:ghast_tear":1,"minecraft:netherrack":119,"minecraft:golden_boots":1,"minecraft:enchanted_book":1,"minecraft:bread":56,"minecraft:wheat_seeds":17,"minecraft:golden_helmet":2,"minecraft:dripstone_block":8,"minecraft:poisonous_potato":5,"minecraft:iron_helmet":4,"minecraft:oak_fence":1,"minecraft:feather":17,"minecraft:cobblestone":26,"minecraft:spectral_arrow":38,"minecraft:granite":9,"minecraft:coal":1,"minecraft:stick":1,"minecraft:gray_wool":2,"minecraft:diorite":10,"minecraft:iron_door":2,"minecraft:potion":1,"minecraft:iron_leggings":1,"minecraft:white_banner":3,"minecraft:iron_axe":5,"minecraft:string":10,"minecraft:furnace":1,"minecraft:sweet_berries":1,"minecraft:warped_nylium":2,"minecraft:soul_soil":13,"minecraft:blaze_rod":3,"minecraft:cocoa_beans":3,"minecraft:raw_iron":12,"minecraft:light_gray_wool":1,"minecraft:iron_boots":3,"minecraft:nether_bricks":3,"minecraft:shield":1,"minecraft:piglin_banner_pattern":1,"minecraft:spruce_planks":3,"minecraft:iron_chestplate":1,"minecraft:andesite":17,"minecraft:mossy_stone_bricks":2,"minecraft:spider_eye":2,"minecraft:stone_bricks":11,"minecraft:sandstone":6,"minecraft:bow":2,"minecraft:stone_pickaxe":2,"minecraft:magma_block":10},"minecraft:custom":{"minecraft:interact_with_crafting_table":129,"minecraft:open_barrel":4,"minecraft:bell_ring":9,"minecraft:leave_game":8,"minecraft:time_since_death":32103,"minecraft:sprint_one_cm":1747721,"minecraft:damage_blocked_by_shield":8528,"minecraft:drop":410,"minecraft:talked_to_villager":16,"minecraft:play_time":491727,"minecraft:deaths":31,"minecraft:jump":11880,"minecraft:walk_on_water_one_cm":32445,"minecraft:enchant_item":1,"minecraft:interact_with_furnace":138,"minecraft:sleep_in_bed":16,"minecraft:damage_dealt":31961,"minecraft:player_kills":1,"minecraft:crouch_one_cm":65926,"minecraft:interact_with_smoker":78,"minecraft:horse_one_cm":35850,"minecraft:mob_kills":218,"minecraft:climb_one_cm":5273,"minecraft:walk_one_cm":805676,"minecraft:sneak_time":18129,"minecraft:walk_under_water_one_cm":14436,"minecraft:boat_one_cm":297591,"minecraft:total_world_time":491727,"minecraft:time_since_rest":30978,"minecraft:damage_taken":21389,"minecraft:swim_one_cm":97775,"minecraft:fly_one_cm":2198409,"minecraft:open_chest":249,"minecraft:fall_one_cm":334327},"minecraft:killed":{"minecraft:zombified_piglin":2,"minecraft:witch":2,"minecraft:spider":5,"minecraft:skeleton":31,"minecraft:chicken":15,"minecraft:silverfish":1,"minecraft:piglin_brute":2,"minecraft:magma_cube":10,"minecraft:piglin":8,"minecraft:pig":8,"minecraft:creeper":3,"minecraft:sheep":15,"minecraft:pillager":16,"minecraft:zombie":32,"minecraft:ghast":18,"minecraft:cow":7,"minecraft:blaze":8,"minecraft:evoker":1,"minecraft:vindicator":6,"minecraft:horse":4,"minecraft:hoglin":1,"minecraft:wither_skeleton":7,"minecraft:enderman":3},"minecraft:picked_up":{"minecraft:iron_chestplate":23,"minecraft:wheat":2,"minecraft:potion":5,"minecraft:enchanted_book":3,"minecraft:nether_brick":72,"minecraft:string":167,"minecraft:soul_soil":47,"minecraft:iron_leggings":24,"minecraft:cobbled_deepslate":87,"minecraft:gold_nugget":769,"minecraft:bucket":3,"minecraft:spruce_planks":24,"minecraft:ender_eye":1,"minecraft:iron_pickaxe":25,"minecraft:furnace":8,"minecraft:iron_boots":31,"minecraft:golden_helmet":3,"minecraft:stick":50,"minecraft:oak_fence":1,"minecraft:torch":24,"minecraft:acacia_log":4,"minecraft:porkchop":11,"minecraft:golden_axe":9,"minecraft:pointed_dripstone":4,"minecraft:diorite":10,"minecraft:golden_chestplate":1,"minecraft:rotten_flesh":109,"minecraft:iron_block":3,"minecraft:blaze_rod":6,"minecraft:obsidian":30,"minecraft:cobblestone":219,"minecraft:birch_log":2,"minecraft:magma_block":11,"minecraft:feather":26,"minecraft:andesite":37,"minecraft:iron_door":2,"minecraft:jungle_log":55,"minecraft:golden_leggings":1,"minecraft:potato":317,"minecraft:flint":2,"minecraft:tuff":18,"minecraft:acacia_boat":6,"minecraft:lapis_lazuli":160,"minecraft:dirt":1010,"minecraft:bone":63,"minecraft:acacia_planks":24,"minecraft:bow":13,"minecraft:wheat_seeds":84,"minecraft:raw_gold":1,"minecraft:mossy_stone_bricks":2,"minecraft:glowstone_dust":4,"minecraft:ghast_tear":3,"minecraft:cooked_porkchop":9,"minecraft:warped_wart_block":6,"minecraft:poisonous_potato":13,"minecraft:sand":123,"minecraft:jungle_planks":58,"minecraft:spectral_arrow":452,"minecraft:iron_hoe":2,"minecraft:spruce_boat":1,"minecraft:cracked_polished_blackstone_bricks":58,"minecraft:crossbow":12,"minecraft:granite":31,"minecraft:emerald":13,"minecraft:golden_horse_armor":2,"minecraft:bread":202,"minecraft:piglin_banner_pattern":1,"minecraft:oak_sapling":19,"minecraft:netherrack":730,"minecraft:cocoa_beans":9,"minecraft:crafting_table":29,"minecraft:splash_potion":5,"minecraft:chicken":15,"minecraft:nether_wart":36,"minecraft:wooden_pickaxe":1,"minecraft:gold_block":12,"minecraft:diamond_horse_armor":2,"minecraft:shield":11,"minecraft:jungle_trapdoor":6,"minecraft:iron_axe":13,"minecraft:blackstone":304,"minecraft:cracked_stone_bricks":2,"minecraft:beef":21,"minecraft:oak_boat":6,"minecraft:jungle_sapling":2,"minecraft:iron_nugget":68,"minecraft:light_gray_wool":1,"minecraft:sugar_cane":191,"minecraft:egg":4,"minecraft:raw_iron":161,"minecraft:sandstone":6,"minecraft:fire_charge":29,"minecraft:polished_blackstone_bricks":77,"minecraft:redstone":54,"minecraft:arrow":115,"minecraft:nether_bricks":3,"minecraft:hay_block":11,"minecraft:totem_of_undying":4,"minecraft:saddle":2,"minecraft:gold_ingot":146,"minecraft:mutton":28,"minecraft:bone_block":78,"minecraft:white_wool":23,"minecraft:jungle_boat":5,"minecraft:basalt":167,"minecraft:golden_carrot":12,"minecraft:leather":105,"minecraft:birch_planks":1,"minecraft:oak_log":17,"minecraft:golden_boots":3,"minecraft:gunpowder":9,"minecraft:white_banner":19,"minecraft:cooked_mutton":36,"minecraft:apple":3,"minecraft:stone_bricks":11,"minecraft:warped_stem":13,"minecraft:iron_ingot":13,"minecraft:cooked_chicken":6,"minecraft:glass_bottle":2,"minecraft:iron_sword":27,"minecraft:soul_sand":150,"minecraft:book":82,"minecraft:dark_oak_slab":2,"minecraft:birch_boat":1,"minecraft:sweet_berries":40,"minecraft:quartz":90,"minecraft:dripstone_block":8,"minecraft:gravel":259,"minecraft:spruce_sapling":5,"minecraft:white_bed":2,"minecraft:crying_obsidian":37,"minecraft:spider_eye":12,"minecraft:diamond_shovel":12,"minecraft:purple_bed":4,"minecraft:iron_helmet":26,"minecraft:gray_wool":3,"minecraft:warped_roots":1,"minecraft:baked_potato":202,"minecraft:warped_nylium":2,"minecraft:coal":179},"minecraft:killed_by":{"minecraft:ghast":2,"minecraft:wither_skeleton":3,"minecraft:piglin_brute":6,"minecraft:vindicator":7,"minecraft:piglin":2,"minecraft:blaze":1,"minecraft:vex":3,"minecraft:player":1,"minecraft:enderman":1,"minecraft:skeleton":2},"minecraft:used":{"minecraft:bone_block":2,"minecraft:chest":2,"minecraft:shield":137,"minecraft:iron_sword":605,"minecraft:rotten_flesh":7,"minecraft:iron_chestplate":8,"minecraft:soul_sand":2,"minecraft:mutton":6,"minecraft:jungle_planks":8,"minecraft:iron_helmet":6,"minecraft:bow":272,"minecraft:sweet_berries":44,"minecraft:furnace":10,"minecraft:egg":4,"minecraft:potato":148,"minecraft:golden_boots":2,"minecraft:oak_planks":15,"minecraft:stone_pickaxe":355,"minecraft:blackstone":76,"minecraft:wooden_pickaxe":8,"minecraft:sugar_cane":90,"minecraft:jungle_boat":5,"minecraft:white_wool":1,"minecraft:sand":68,"minecraft:crossbow":17,"minecraft:bread":78,"minecraft:gravel":1,"minecraft:fire_charge":3,"minecraft:andesite":9,"minecraft:oak_boat":6,"minecraft:bone_meal":148,"minecraft:stone_sword":131,"minecraft:spruce_planks":1,"minecraft:cooked_chicken":3,"minecraft:netherrack":382,"minecraft:orange_bed":1,"minecraft:torch":18,"minecraft:dirt":829,"minecraft:warped_wart_block":1,"minecraft:jungle_trapdoor":5,"minecraft:granite":7,"minecraft:iron_hoe":34,"minecraft:bookshelf":7,"minecraft:iron_axe":128,"minecraft:iron_boots":4,"minecraft:basalt":23,"minecraft:golden_carrot":8,"minecraft:beef":1,"minecraft:soul_soil":1,"minecraft:cooked_beef":3,"minecraft:cobbled_deepslate":53,"minecraft:acacia_planks":17,"minecraft:golden_axe":72,"minecraft:iron_leggings":7,"minecraft:cooked_mutton":24,"minecraft:acacia_boat":6,"minecraft:water_bucket":25,"minecraft:birch_planks":7,"minecraft:baked_potato":116,"minecraft:polished_blackstone_bricks":47,"minecraft:crafting_table":20,"minecraft:white_bed":3,"minecraft:warped_planks":14,"minecraft:smoker":1,"minecraft:oak_log":2,"minecraft:ender_eye":1,"minecraft:diamond_shovel":1115,"minecraft:cracked_polished_blackstone_bricks":1,"minecraft:iron_pickaxe":1313,"minecraft:spruce_sapling":1,"minecraft:stone_axe":109,"minecraft:cobblestone":111,"minecraft:potion":1,"minecraft:purple_bed":5,"minecraft:cooked_porkchop":13,"minecraft:bucket":25}},"DataVersion":3953}