{"stats":{"minecraft:broken":{"minecraft:iron_shovel":16,"minecraft:golden_boots":1,"minecraft:golden_shovel":2,"minecraft:stone_pickaxe":1,"minecraft:iron_sword":1,"minecraft:stone_sword":1,"minecraft:shield":2,"minecraft:iron_pickaxe":9},"minecraft:mined":{"minecraft:white_bed":7,"minecraft:spruce_planks":2,"minecraft:farmland":1,"minecraft:jungle_slab":6,"minecraft:jungle_leaves":6,"minecraft:granite":29,"minecraft:acacia_log":6,"minecraft:grass_block":2575,"minecraft:jungle_log":137,"minecraft:cracked_polished_blackstone_bricks":30,"minecraft:soul_soil":4,"minecraft:nether_wart":9,"minecraft:polished_blackstone_bricks":79,"minecraft:magma_block":1,"minecraft:iron_ore":70,"minecraft:fire":48,"minecraft:cobbled_deepslate":1,"minecraft:deepslate_lapis_ore":2,"minecraft:pointed_dripstone":1,"minecraft:dirt_path":1,"minecraft:orange_bed":5,"minecraft:jungle_trapdoor":5,"minecraft:deepslate_redstone_ore":2,"minecraft:blackstone":24,"minecraft:soul_fire":84,"minecraft:torch":3,"minecraft:jungle_stairs":8,"minecraft:chest":4,"minecraft:nether_quartz_ore":12,"minecraft:cobblestone":201,"minecraft:sugar_cane":221,"minecraft:iron_door":2,"minecraft:wall_torch":6,"minecraft:warped_nylium":12,"minecraft:dark_oak_slab":1,"minecraft:birch_log":2,"minecraft:wheat":2,"minecraft:activator_rail":11,"minecraft:oak_log":37,"minecraft:acacia_fence":1,"minecraft:loom":1,"minecraft:sand":125,"minecraft:dirt":2752,"minecraft:netherrack":536,"minecraft:oak_leaves":108,"minecraft:deepslate":84,"minecraft:nether_gold_ore":156,"minecraft:tuff":18,"minecraft:glow_lichen":1,"minecraft:jungle_planks":70,"minecraft:spruce_leaves":2,"minecraft:sandstone":3,"minecraft:large_fern":1,"minecraft:hay_block":11,"minecraft:furnace":11,"minecraft:andesite":44,"minecraft:gold_block":12,"minecraft:bookshelf":28,"minecraft:potatoes":197,"minecraft:deepslate_iron_ore":30,"minecraft:vine":53,"minecraft:rail":43,"minecraft:warped_stem":11,"minecraft:stripped_jungle_log":1,"minecraft:stone":1854,"minecraft:bone_block":65,"minecraft:white_wool":1,"minecraft:glass_pane":1,"minecraft:soul_sand":5,"minecraft:basalt":94,"minecraft:oak_fence":1,"minecraft:crafting_table":21,"minecraft:short_grass":242,"minecraft:copper_ore":8,"minecraft:tall_grass":4,"minecraft:diorite":14,"minecraft:warped_wart_block":3,"minecraft:purple_bed":5,"minecraft:redstone_torch":8,"minecraft:sweet_berry_bush":6,"minecraft:spruce_log":7,"minecraft:coal_ore":90,"minecraft:cocoa":1,"minecraft:gravel":12,"minecraft:cobweb":12,"minecraft:cracked_stone_bricks":2,"minecraft:acacia_planks":16,"minecraft:stone_bricks":11,"minecraft:mossy_stone_bricks":3,"minecraft:gold_ore":1,"minecraft:fern":53},"minecraft:killed_by":{"minecraft:ghast":2,"minecraft:wither_skeleton":3,"minecraft:piglin_brute":6,"minecraft:creeper":1,"minecraft:vindicator":7,"minecraft:piglin":2,"minecraft:blaze":1,"minecraft:vex":3,"minecraft:player":1,"minecraft:enderman":1,"minecraft:skeleton":2},"minecraft:custom":{"minecraft:interact_with_crafting_table":189,"minecraft:open_barrel":5,"minecraft:bell_ring":9,"minecraft:leave_game":8,"minecraft:time_since_death":268216,"minecraft:sprint_one_cm":2642434,"minecraft:damage_blocked_by_shield":10505,"minecraft:drop":463,"minecraft:talked_to_villager":44,"minecraft:play_time":797584,"minecraft:deaths":32,"minecraft:jump":16138,"minecraft:walk_on_water_one_cm":34468,"minecraft:enchant_item":1,"minecraft:interact_with_furnace":148,"minecraft:sleep_in_bed":35,"minecraft:damage_dealt":40081,"minecraft:player_kills":1,"minecraft:crouch_one_cm":148034,"minecraft:interact_with_smoker":85,"minecraft:horse_one_cm":35850,"minecraft:mob_kills":264,"minecraft:inspect_hopper":3,"minecraft:climb_one_cm":8926,"minecraft:walk_one_cm":1471097,"minecraft:sneak_time":33983,"minecraft:walk_under_water_one_cm":14436,"minecraft:boat_one_cm":433234,"minecraft:total_world_time":797584,"minecraft:time_since_rest":2460,"minecraft:damage_taken":22981,"minecraft:minecart_one_cm":276,"minecraft:swim_one_cm":97775,"minecraft:fly_one_cm":3142893,"minecraft:open_chest":370,"minecraft:fall_one_cm":409094},"minecraft:used":{"minecraft:iron_shovel":4163,"minecraft:bone_block":2,"minecraft:chest":9,"minecraft:shield":168,"minecraft:iron_sword":790,"minecraft:rotten_flesh":7,"minecraft:iron_chestplate":8,"minecraft:mutton":8,"minecraft:soul_sand":2,"minecraft:jungle_planks":185,"minecraft:jungle_slab":60,"minecraft:iron_helmet":6,"minecraft:hopper_minecart":3,"minecraft:bow":279,"minecraft:sweet_berries":44,"minecraft:furnace":13,"minecraft:acacia_fence":1,"minecraft:egg":4,"minecraft:potato":426,"minecraft:golden_boots":2,"minecraft:oak_planks":15,"minecraft:stone_pickaxe":355,"minecraft:blackstone":76,"minecraft:wooden_pickaxe":8,"minecraft:composter":1,"minecraft:sugar_cane":99,"minecraft:jungle_boat":15,"minecraft:white_wool":1,"minecraft:sand":68,"minecraft:crossbow":17,"minecraft:redstone_torch":12,"minecraft:bread":78,"minecraft:gravel":1,"minecraft:fire_charge":3,"minecraft:andesite":9,"minecraft:oak_boat":6,"minecraft:bone_meal":257,"minecraft:stone_sword":131,"minecraft:flint_and_steel":1,"minecraft:spruce_planks":1,"minecraft:cooked_chicken":3,"minecraft:netherrack":388,"minecraft:orange_bed":5,"minecraft:torch":36,"minecraft:dirt":5143,"minecraft:warped_wart_block":1,"minecraft:hopper":2,"minecraft:golden_shovel":65,"minecraft:granite":7,"minecraft:jungle_trapdoor":7,"minecraft:iron_hoe":230,"minecraft:bookshelf":7,"minecraft:iron_axe":434,"minecraft:jungle_log":6,"minecraft:iron_boots":4,"minecraft:basalt":23,"minecraft:golden_carrot":8,"minecraft:beef":1,"minecraft:soul_soil":1,"minecraft:minecart":2,"minecraft:cooked_beef":3,"minecraft:cobbled_deepslate":53,"minecraft:acacia_planks":17,"minecraft:golden_axe":72,"minecraft:iron_leggings":7,"minecraft:cooked_mutton":24,"minecraft:acacia_boat":7,"minecraft:water_bucket":34,"minecraft:birch_planks":7,"minecraft:baked_potato":177,"minecraft:polished_blackstone_bricks":47,"minecraft:rail":67,"minecraft:tnt":1,"minecraft:crafting_table":25,"minecraft:white_bed":8,"minecraft:warped_planks":14,"minecraft:smoker":1,"minecraft:oak_log":3,"minecraft:ender_eye":1,"minecraft:activator_rail":15,"minecraft:diamond_shovel":1187,"minecraft:cracked_polished_blackstone_bricks":1,"minecraft:iron_pickaxe":3229,"minecraft:jungle_stairs":27,"minecraft:spruce_sapling":1,"minecraft:stone_axe":109,"minecraft:cobblestone":356,"minecraft:potion":1,"minecraft:purple_bed":6,"minecraft:cooked_porkchop":13,"minecraft:bucket":34},"minecraft:crafted":{"minecraft:smooth_stone":4,"minecraft:oak_planks":68,"minecraft:cooked_chicken":7,"minecraft:stone":4,"minecraft:bookshelf":7,"minecraft:cooked_mutton":17,"minecraft:warped_planks":24,"minecraft:hopper":4,"minecraft:bow":2,"minecraft:iron_boots":3,"minecraft:chest":11,"minecraft:jungle_stairs":24,"minecraft:rail":80,"minecraft:golden_boots":2,"minecraft:smoker":1,"minecraft:cooked_porkchop":13,"minecraft:crafting_table":9,"minecraft:spruce_planks":24,"minecraft:jungle_boat":3,"minecraft:iron_helmet":4,"minecraft:wooden_pickaxe":1,"minecraft:baked_potato":236,"minecraft:hopper_minecart":2,"minecraft:hay_block":10,"minecraft:birch_planks":8,"minecraft:iron_chestplate":4,"minecraft:book":25,"minecraft:paper":75,"minecraft:diamond_pickaxe":1,"minecraft:shield":5,"minecraft:stick":128,"minecraft:iron_ingot":77,"minecraft:iron_pickaxe":14,"minecraft:stone_sword":2,"minecraft:gold_ingot":217,"minecraft:redstone_torch":16,"minecraft:composter":1,"minecraft:furnace":4,"minecraft:jungle_trapdoor":4,"minecraft:bone_meal":372,"minecraft:flint_and_steel":1,"minecraft:iron_axe":4,"minecraft:iron_hoe":1,"minecraft:stone_pickaxe":5,"minecraft:minecart":3,"minecraft:wheat":486,"minecraft:cooked_beef":5,"minecraft:activator_rail":18,"minecraft:iron_sword":4,"minecraft:golden_shovel":2,"minecraft:bucket":2,"minecraft:stone_axe":3,"minecraft:jungle_slab":90,"minecraft:air":0,"minecraft:acacia_boat":2,"minecraft:bread":132,"minecraft:jungle_planks":460,"minecraft:oak_boat":1,"minecraft:iron_shovel":19,"minecraft:iron_leggings":4,"minecraft:white_bed":2,"minecraft:acacia_planks":24,"minecraft:torch":28},"minecraft:dropped":{"minecraft:iron_sword":7,"minecraft:warped_stem":1,"minecraft:soul_sand":51,"minecraft:birch_planks":1,"minecraft:oak_log":2,"minecraft:baked_potato":11,"minecraft:glass_bottle":1,"minecraft:cooked_porkchop":3,"minecraft:dark_oak_slab":2,"minecraft:crossbow":2,"minecraft:warped_roots":1,"minecraft:cracked_stone_bricks":2,"minecraft:flint":4,"minecraft:cracked_polished_blackstone_bricks":34,"minecraft:dirt":4,"minecraft:mutton":1,"minecraft:jungle_sapling":1,"minecraft:gold_nugget":50,"minecraft:sand":1,"minecraft:polished_blackstone_bricks":1,"minecraft:iron_pickaxe":12,"minecraft:white_wool":11,"minecraft:gold_ingot":278,"minecraft:bone":16,"minecraft:gravel":118,"minecraft:stone_axe":1,"minecraft:blackstone":141,"minecraft:iron_nugget":2,"minecraft:cooked_chicken":5,"minecraft:cobbled_deepslate":2,"minecraft:nether_brick":42,"minecraft:wheat":2,"minecraft:obsidian":12,"minecraft:pointed_dripstone":2,"minecraft:rotten_flesh":32,"minecraft:oak_planks":12,"minecraft:glowstone_dust":2,"minecraft:cooked_mutton":11,"minecraft:white_bed":1,"minecraft:gunpowder":1,"minecraft:jungle_log":4,"minecraft:basalt":64,"minecraft:arrow":2,"minecraft:warped_wart_block":5,"minecraft:crying_obsidian":28,"minecraft:ghast_tear":1,"minecraft:netherrack":119,"minecraft:egg":1,"minecraft:iron_ingot":2,"minecraft:enchanted_book":1,"minecraft:golden_boots":1,"minecraft:bread":56,"minecraft:wheat_seeds":27,"minecraft:golden_helmet":2,"minecraft:minecart":1,"minecraft:dripstone_block":8,"minecraft:poisonous_potato":5,"minecraft:iron_helmet":5,"minecraft:oak_fence":1,"minecraft:feather":19,"minecraft:cobblestone":716,"minecraft:spectral_arrow":38,"minecraft:granite":9,"minecraft:coal":1,"minecraft:stick":2,"minecraft:jungle_slab":2,"minecraft:gray_wool":2,"minecraft:diorite":10,"minecraft:torch":2,"minecraft:iron_door":2,"minecraft:potion":1,"minecraft:iron_leggings":1,"minecraft:white_banner":3,"minecraft:iron_axe":6,"minecraft:iron_shovel":1,"minecraft:string":10,"minecraft:furnace":1,"minecraft:sweet_berries":1,"minecraft:warped_nylium":2,"minecraft:soul_soil":13,"minecraft:blaze_rod":3,"minecraft:raw_copper":3,"minecraft:cocoa_beans":9,"minecraft:raw_iron":12,"minecraft:light_gray_wool":1,"minecraft:iron_boots":4,"minecraft:iron_hoe":1,"minecraft:nether_bricks":3,"minecraft:potato":14,"minecraft:shield":2,"minecraft:piglin_banner_pattern":1,"minecraft:spruce_planks":3,"minecraft:iron_chestplate":2,"minecraft:andesite":17,"minecraft:mossy_stone_bricks":2,"minecraft:oak_sapling":5,"minecraft:spider_eye":2,"minecraft:stone_bricks":11,"minecraft:sandstone":6,"minecraft:bow":2,"minecraft:stone_pickaxe":2,"minecraft:magma_block":10},"minecraft:picked_up":{"minecraft:iron_chestplate":24,"minecraft:wheat":2,"minecraft:potion":5,"minecraft:enchanted_book":3,"minecraft:nether_brick":72,"minecraft:string":175,"minecraft:soul_soil":47,"minecraft:raw_copper":22,"minecraft:iron_leggings":25,"minecraft:activator_rail":11,"minecraft:gold_nugget":769,"minecraft:cobbled_deepslate":87,"minecraft:bucket":3,"minecraft:spruce_planks":24,"minecraft:eye_armor_trim_smithing_template":2,"minecraft:redstone_torch":6,"minecraft:ender_eye":2,"minecraft:netherite_upgrade_smithing_template":1,"minecraft:iron_pickaxe":28,"minecraft:hopper_minecart":1,"minecraft:iron_boots":31,"minecraft:furnace":11,"minecraft:golden_helmet":4,"minecraft:stick":56,"minecraft:acacia_fence":1,"minecraft:oak_fence":1,"minecraft:torch":32,"minecraft:acacia_log":6,"minecraft:porkchop":11,"minecraft:golden_axe":9,"minecraft:pointed_dripstone":4,"minecraft:diorite":10,"minecraft:golden_chestplate":1,"minecraft:orange_bed":4,"minecraft:rotten_flesh":133,"minecraft:iron_block":3,"minecraft:armadillo_scute":2,"minecraft:blaze_rod":6,"minecraft:obsidian":30,"minecraft:cobblestone":2227,"minecraft:birch_log":2,"minecraft:magma_block":11,"minecraft:feather":28,"minecraft:andesite":46,"minecraft:iron_door":2,"minecraft:jungle_log":144,"minecraft:golden_leggings":1,"minecraft:potato":634,"minecraft:flint":4,"minecraft:tuff":18,"minecraft:acacia_boat":7,"minecraft:lapis_lazuli":183,"minecraft:dirt":5762,"minecraft:bone":85,"minecraft:acacia_planks":24,"minecraft:bow":15,"minecraft:wheat_seeds":163,"minecraft:raw_gold":1,"minecraft:mossy_stone_bricks":2,"minecraft:glowstone_dust":4,"minecraft:ghast_tear":3,"minecraft:cooked_porkchop":9,"minecraft:warped_wart_block":6,"minecraft:poisonous_potato":15,"minecraft:sand":123,"minecraft:jungle_planks":118,"minecraft:loom":1,"minecraft:jungle_slab":8,"minecraft:spectral_arrow":452,"minecraft:iron_hoe":3,"minecraft:snout_armor_trim_smithing_template":1,"minecraft:sugar":2,"minecraft:spruce_boat":1,"minecraft:cracked_polished_blackstone_bricks":58,"minecraft:crossbow":12,"minecraft:granite":31,"minecraft:golden_apple":1,"minecraft:emerald":13,"minecraft:golden_horse_armor":2,"minecraft:bread":202,"minecraft:piglin_banner_pattern":1,"minecraft:oak_sapling":29,"minecraft:netherrack":738,"minecraft:cocoa_beans":15,"minecraft:crafting_table":32,"minecraft:splash_potion":5,"minecraft:chicken":15,"minecraft:nether_wart":36,"minecraft:wooden_pickaxe":1,"minecraft:gold_block":20,"minecraft:diamond_horse_armor":2,"minecraft:shield":12,"minecraft:jungle_trapdoor":6,"minecraft:iron_axe":14,"minecraft:iron_shovel":2,"minecraft:blackstone":304,"minecraft:cracked_stone_bricks":2,"minecraft:beef":23,"minecraft:oak_boat":6,"minecraft:jungle_sapling":3,"minecraft:iron_nugget":68,"minecraft:light_gray_wool":1,"minecraft:minecart":3,"minecraft:sugar_cane":333,"minecraft:chest":4,"minecraft:egg":5,"minecraft:raw_iron":161,"minecraft:sandstone":6,"minecraft:fire_charge":29,"minecraft:polished_blackstone_bricks":77,"minecraft:redstone":61,"minecraft:arrow":136,"minecraft:jungle_stairs":8,"minecraft:nether_bricks":3,"minecraft:hay_block":11,"minecraft:saddle":2,"minecraft:gold_ingot":146,"minecraft:totem_of_undying":6,"minecraft:mutton":32,"minecraft:bone_block":78,"minecraft:rail":42,"minecraft:white_wool":26,"minecraft:jungle_boat":15,"minecraft:basalt":167,"minecraft:golden_carrot":12,"minecraft:leather":107,"minecraft:birch_planks":1,"minecraft:oak_log":36,"minecraft:ancient_debris":2,"minecraft:golden_boots":4,"minecraft:gunpowder":11,"minecraft:white_banner":19,"minecraft:cooked_mutton":36,"minecraft:apple":5,"minecraft:stone_bricks":11,"minecraft:warped_stem":13,"minecraft:iron_ingot":143,"minecraft:cooked_chicken":6,"minecraft:glass_bottle":2,"minecraft:iron_sword":28,"minecraft:soul_sand":150,"minecraft:book":82,"minecraft:dark_oak_slab":2,"minecraft:birch_boat":1,"minecraft:sweet_berries":40,"minecraft:quartz":90,"minecraft:dripstone_block":8,"minecraft:gravel":268,"minecraft:spruce_sapling":5,"minecraft:spruce_log":7,"minecraft:white_bed":6,"minecraft:crying_obsidian":37,"minecraft:spider_eye":14,"minecraft:stripped_jungle_log":1,"minecraft:diamond_shovel":12,"minecraft:purple_bed":5,"minecraft:rib_armor_trim_smithing_template":1,"minecraft:iron_helmet":28,"minecraft:gray_wool":3,"minecraft:warped_roots":1,"minecraft:baked_potato":233,"minecraft:warped_nylium":2,"minecraft:coal":185},"minecraft:killed":{"minecraft:zombified_piglin":2,"minecraft:witch":3,"minecraft:spider":8,"minecraft:skeleton":47,"minecraft:chicken":16,"minecraft:silverfish":1,"minecraft:piglin_brute":2,"minecraft:magma_cube":10,"minecraft:piglin":8,"minecraft:pig":8,"minecraft:creeper":8,"minecraft:sheep":18,"minecraft:pillager":16,"minecraft:zombie":47,"minecraft:ghast":18,"minecraft:blaze":8,"minecraft:cow":8,"minecraft:evoker":1,"minecraft:vindicator":6,"minecraft:horse":4,"minecraft:hoglin":1,"minecraft:wither_skeleton":7,"minecraft:enderman":3}},"DataVersion":3953}