{"stats":{"minecraft:picked_up":{"minecraft:iron_chestplate":3,"minecraft:potion":3,"minecraft:enchanted_book":4,"minecraft:nether_brick":3,"minecraft:brewing_stand":1,"minecraft:golden_sword":1,"minecraft:string":7,"minecraft:raw_copper":18,"minecraft:gold_nugget":565,"minecraft:cobbled_deepslate":505,"minecraft:spruce_planks":45,"minecraft:light_weighted_pressure_plate":1,"minecraft:iron_pickaxe":1,"minecraft:furnace":6,"minecraft:stick":92,"minecraft:oak_fence":1,"minecraft:torch":16,"minecraft:porkchop":16,"minecraft:diorite":36,"minecraft:warped_planks":2,"gobber2:gobber2_foo":5,"minecraft:stone_sword":1,"gobber2:gobber2_gooey_apple":1,"minecraft:rotten_flesh":24,"minecraft:obsidian":3,"minecraft:cobblestone":834,"minecraft:birch_log":55,"minecraft:feather":5,"minecraft:cooked_beef":5,"minecraft:iron_door":2,"minecraft:birch_slab":4,"minecraft:andesite":124,"minecraft:golden_leggings":1,"minecraft:potato":14,"minecraft:flint":1,"minecraft:tuff":31,"gobber2:gobber2_gooey_bread_nether":5,"minecraft:lapis_lazuli":32,"minecraft:dirt":728,"minecraft:twisting_vines":1,"minecraft:leather_boots":1,"minecraft:glass":1,"minecraft:bone":14,"minecraft:bow":1,"gobber2:gobber2_gooey_beef":14,"minecraft:wheat_seeds":13,"minecraft:raw_gold":6,"minecraft:glowstone_dust":3,"minecraft:oak_planks":24,"gobber2:gobber2_gooey_bread":17,"minecraft:ghast_tear":2,"gobber2:gobber2_rod_nether":6,"minecraft:cooked_porkchop":17,"minecraft:sand":40,"minecraft:spectral_arrow":39,"minecraft:dark_oak_log":28,"minecraft:iron_hoe":1,"minecraft:diamond":69,"minecraft:cracked_polished_blackstone_bricks":1,"minecraft:crossbow":1,"minecraft:granite":48,"minecraft:emerald":2,"minecraft:oak_sapling":95,"minecraft:netherrack":293,"gobber2:gobber2_goo":5,"minecraft:diamond_pickaxe":1,"minecraft:crafting_table":12,"minecraft:chicken":4,"gobber2:gobber2_ring_teleport":1,"gobber2:gobber2_rod":3,"minecraft:brown_mushroom":3,"minecraft:gold_block":1,"gobber2:gobber2_arrow_nether":19,"minecraft:oak_trapdoor":5,"minecraft:blackstone":35,"minecraft:beef":41,"minecraft:oak_boat":13,"minecraft:iron_nugget":35,"minecraft:sugar_cane":14,"minecraft:chest":1,"minecraft:birch_sapling":23,"minecraft:egg":4,"minecraft:raw_iron":118,"minecraft:fire_charge":2,"minecraft:polished_blackstone_bricks":24,"minecraft:carrot":1,"minecraft:redstone":5,"gobber2:gobber2_arrow":5,"minecraft:dark_oak_planks":4,"minecraft:arrow":21,"gobber2:gobber2_gooey_beef_nether":7,"minecraft:gold_ingot":12,"minecraft:mutton":31,"minecraft:white_wool":18,"minecraft:basalt":4,"gobber2:gobber2_gooey_beefstew":6,"minecraft:leather":33,"minecraft:birch_planks":39,"minecraft:oak_log":232,"minecraft:ancient_debris":2,"minecraft:golden_boots":2,"minecraft:gunpowder":5,"gobber2:gobber2_foo_nether":13,"minecraft:apple":14,"minecraft:stone_bricks":2,"minecraft:kelp":4,"minecraft:warped_stem":9,"gobber2:gobber2_gooey_beefstew_nether":9,"minecraft:iron_sword":1,"minecraft:soul_sand":25,"minecraft:book":99,"minecraft:sweet_berries":57,"minecraft:quartz":286,"minecraft:gravel":32,"minecraft:spruce_sapling":6,"minecraft:blast_furnace":7,"minecraft:white_bed":1,"minecraft:spruce_log":51,"minecraft:crying_obsidian":11,"minecraft:spider_eye":3,"minecraft:purple_bed":7,"minecraft:stone_axe":1,"minecraft:iron_helmet":1,"minecraft:birch_sign":1,"minecraft:gray_wool":1,"minecraft:warped_roots":1,"minecraft:oak_button":3,"minecraft:baked_potato":3,"minecraft:black_wool":1,"minecraft:warped_nylium":2,"gobber2:gobber2_goo_nether":12,"minecraft:coal":130,"minecraft:ender_pearl":12},"minecraft:crafted":{"minecraft:oak_planks":216,"minecraft:barrel":4,"minecraft:birch_boat":1,"minecraft:birch_slab":6,"minecraft:diamond_shovel":1,"minecraft:warped_planks":36,"minecraft:glass":38,"minecraft:hopper":1,"minecraft:diamond_helmet":1,"minecraft:diamond_leggings":2,"minecraft:iron_boots":1,"minecraft:chest":6,"minecraft:oak_button":3,"minecraft:birch_button":6,"minecraft:gray_bed":1,"gobber2:gobber2_gooey_apple":16,"minecraft:golden_boots":2,"minecraft:smoker":1,"minecraft:oak_slab":6,"travelersbackpack:iron_tier_upgrade":1,"minecraft:diamond_axe":1,"minecraft:crafting_table":10,"minecraft:spruce_planks":192,"minecraft:iron_helmet":1,"minecraft:wooden_pickaxe":2,"travelersbackpack:standard":3,"minecraft:smithing_table":1,"minecraft:birch_planks":128,"minecraft:iron_chestplate":1,"minecraft:diamond_pickaxe":2,"minecraft:shield":2,"minecraft:stick":36,"minecraft:iron_ingot":51,"minecraft:iron_pickaxe":4,"minecraft:stone_sword":2,"minecraft:gold_ingot":86,"minecraft:shears":1,"minecraft:furnace":4,"travelersbackpack:blank_upgrade":4,"travelersbackpack:gold_tier_upgrade":1,"minecraft:oak_trapdoor":2,"travelersbackpack:white_sleeping_bag":2,"minecraft:stone_pickaxe":2,"minecraft:diamond_boots":2,"minecraft:dark_oak_planks":64,"minecraft:golden_helmet":1,"travelersbackpack:diamond_tier_upgrade":1,"minecraft:birch_sign":9,"minecraft:cooked_beef":11,"minecraft:diamond_sword":1,"travelersbackpack:backpack_tank":6,"minecraft:iron_sword":2,"minecraft:bucket":2,"minecraft:stone_axe":3,"minecraft:air":0,"gobber2:gobber2_staff_ensnarement":1,"minecraft:oak_boat":1,"minecraft:wooden_axe":1,"minecraft:iron_leggings":1,"minecraft:white_bed":2,"minecraft:torch":12,"minecraft:diamond_chestplate":2},"minecraft:used":{"gobber2:gobber2_gooey_bread":17,"minecraft:chest":3,"minecraft:shield":24,"minecraft:iron_sword":163,"minecraft:iron_chestplate":3,"gobber2:gobber2_goo_nether":2,"minecraft:lava_bucket":1,"minecraft:warped_nylium":2,"minecraft:iron_helmet":1,"gobber2:gobber2_gooey_apple":16,"minecraft:birch_button":6,"minecraft:bow":2,"minecraft:sweet_berries":41,"minecraft:furnace":7,"minecraft:gray_bed":1,"minecraft:golden_boots":1,"minecraft:diamond_boots":1,"minecraft:oak_planks":80,"minecraft:stone_pickaxe":153,"minecraft:ender_pearl":2,"minecraft:blackstone":17,"minecraft:wooden_pickaxe":19,"gobber2:gobber2_ring_teleport":28,"minecraft:diamond_axe":75,"minecraft:blast_furnace":5,"minecraft:crossbow":75,"gobber2:gobber2_gooey_beefstew":2,"minecraft:birch_slab":7,"minecraft:bread":17,"minecraft:diamond_sword":60,"minecraft:fire_charge":1,"minecraft:smithing_table":1,"minecraft:oak_boat":12,"minecraft:oak_trapdoor":6,"minecraft:stone_sword":195,"minecraft:spruce_planks":67,"minecraft:netherrack":104,"minecraft:torch":26,"minecraft:dirt":670,"minecraft:hopper":1,"minecraft:dark_oak_planks":34,"minecraft:wooden_axe":18,"minecraft:iron_boots":1,"minecraft:barrel":4,"gobber2:gobber2_gooey_beef":10,"gobber2:gobber2_staff_ensnarement":7,"minecraft:diamond_chestplate":1,"minecraft:basalt":3,"minecraft:beef":4,"minecraft:cooked_beef":13,"minecraft:cobbled_deepslate":124,"minecraft:iron_leggings":2,"minecraft:water_bucket":24,"minecraft:birch_planks":40,"minecraft:baked_potato":3,"minecraft:birch_boat":1,"minecraft:polished_blackstone_bricks":24,"minecraft:crafting_table":21,"minecraft:birch_sign":10,"minecraft:white_bed":2,"minecraft:spruce_log":3,"minecraft:warped_planks":34,"minecraft:smoker":1,"minecraft:oak_log":1,"minecraft:diamond_pickaxe":1537,"minecraft:apple":4,"minecraft:diamond_shovel":1058,"minecraft:cracked_polished_blackstone_bricks":1,"minecraft:oak_button":1,"minecraft:iron_pickaxe":844,"gobber2:gobber2_gooey_beefstew_nether":1,"minecraft:stone_axe":147,"minecraft:cobblestone":240,"travelersbackpack:standard":1,"minecraft:purple_bed":6,"minecraft:porkchop":1,"minecraft:cooked_porkchop":15,"minecraft:bucket":31,"minecraft:diamond_leggings":1,"gobber2:gobber2_gooey_beef_nether":4},"minecraft:mined":{"minecraft:dark_oak_planks":3,"minecraft:spruce_planks":1,"minecraft:white_bed":1,"minecraft:oak_sapling":22,"minecraft:brewing_stand":1,"minecraft:granite":29,"minecraft:grass_block":377,"gobber2:gobber2_lucky_block":21,"minecraft:cracked_polished_blackstone_bricks":2,"minecraft:composter":1,"minecraft:polished_blackstone_bricks":34,"minecraft:glowstone":1,"minecraft:iron_ore":54,"minecraft:cobbled_deepslate":9,"minecraft:fire":54,"minecraft:deepslate_lapis_ore":1,"minecraft:dirt_path":9,"minecraft:birch_wall_sign":1,"minecraft:deepslate_redstone_ore":1,"minecraft:brown_mushroom":2,"minecraft:blackstone":11,"minecraft:crimson_nylium":3,"minecraft:soul_fire":9,"minecraft:powder_snow":6,"minecraft:torch":10,"minecraft:blast_furnace":7,"gobber2:gobber2_lucky_block_nether":64,"minecraft:nether_quartz_ore":297,"minecraft:cobblestone":19,"minecraft:sugar_cane":6,"minecraft:oak_planks":8,"minecraft:iron_door":4,"minecraft:wall_torch":1,"minecraft:birch_sapling":9,"minecraft:warped_planks":2,"minecraft:birch_log":1,"minecraft:oak_log":26,"minecraft:sand":42,"minecraft:dirt":333,"minecraft:ancient_debris":2,"minecraft:netherrack":362,"minecraft:oak_leaves":10,"minecraft:deepslate":472,"minecraft:nether_gold_ore":145,"minecraft:tuff":48,"minecraft:deepslate_diamond_ore":69,"minecraft:birch_slab":4,"minecraft:spruce_leaves":8,"minecraft:kelp":4,"minecraft:large_fern":7,"minecraft:oak_trapdoor":5,"minecraft:furnace":6,"minecraft:andesite":36,"minecraft:gold_block":1,"minecraft:bookshelf":33,"minecraft:deepslate_iron_ore":23,"minecraft:warped_stem":9,"minecraft:stone":633,"minecraft:soul_sand":1,"minecraft:basalt":5,"minecraft:oak_fence":2,"minecraft:crafting_table":13,"minecraft:short_grass":27,"minecraft:blackstone_slab":1,"minecraft:emerald_ore":2,"minecraft:sculk_sensor":1,"minecraft:tall_grass":3,"minecraft:lapis_ore":4,"minecraft:deepslate_gold_ore":12,"minecraft:diorite":22,"minecraft:birch_planks":40,"minecraft:purple_bed":7,"minecraft:sweet_berry_bush":31,"minecraft:spruce_log":8,"gobber2:gobber2_lucky_block_deepslate":33,"minecraft:coal_ore":54,"minecraft:gravel":13,"minecraft:cobweb":2,"minecraft:oak_button":1,"minecraft:stone_bricks":2,"minecraft:fern":1},"minecraft:custom":{"minecraft:interact_with_crafting_table":101,"minecraft:open_barrel":9,"minecraft:leave_game":13,"minecraft:time_since_death":254058,"minecraft:sprint_one_cm":1533899,"minecraft:damage_blocked_by_shield":840,"minecraft:drop":216,"minecraft:talked_to_villager":1,"minecraft:play_time":451851,"minecraft:deaths":2,"minecraft:jump":9621,"minecraft:walk_on_water_one_cm":31996,"minecraft:enchant_item":5,"minecraft:interact_with_furnace":75,"minecraft:sleep_in_bed":16,"minecraft:damage_dealt":20186,"minecraft:crouch_one_cm":69171,"minecraft:interact_with_smoker":5,"minecraft:interact_with_smithing_table":5,"minecraft:mob_kills":147,"minecraft:inspect_hopper":1,"minecraft:climb_one_cm":1406,"minecraft:walk_one_cm":597053,"minecraft:sneak_time":23404,"minecraft:walk_under_water_one_cm":21115,"minecraft:boat_one_cm":579257,"minecraft:interact_with_blast_furnace":34,"minecraft:total_world_time":451851,"minecraft:time_since_rest":2880,"minecraft:damage_taken":7115,"minecraft:swim_one_cm":105672,"minecraft:fly_one_cm":1628373,"minecraft:open_chest":150,"minecraft:fall_one_cm":260239},"minecraft:broken":{"minecraft:golden_boots":1,"minecraft:stone_sword":1,"minecraft:iron_pickaxe":3},"minecraft:killed":{"minecraft:spider":7,"minecraft:skeleton":23,"minecraft:chicken":4,"minecraft:silverfish":2,"minecraft:piglin_brute":1,"minecraft:piglin":12,"minecraft:pig":7,"minecraft:zombie_villager":1,"minecraft:creeper":4,"minecraft:sheep":20,"minecraft:zombie":20,"minecraft:ghast":7,"minecraft:cow":17,"minecraft:blaze":18,"minecraft:enderman":2},"minecraft:killed_by":{"minecraft:player":1},"minecraft:dropped":{"minecraft:iron_sword":2,"minecraft:birch_planks":3,"minecraft:soul_sand":12,"minecraft:brown_mushroom":3,"minecraft:porkchop":12,"minecraft:lapis_lazuli":27,"minecraft:cooked_beef":3,"minecraft:ender_pearl":2,"minecraft:cooked_porkchop":2,"minecraft:crossbow":1,"minecraft:warped_roots":1,"minecraft:leather":4,"gobber2:gobber2_gooey_apple":1,"minecraft:birch_slab":1,"minecraft:light_weighted_pressure_plate":2,"minecraft:dirt":19,"gobber2:gobber2_goo_nether":1,"minecraft:mutton":4,"minecraft:gold_nugget":40,"minecraft:iron_pickaxe":2,"gobber2:gobber2_arrow_nether":2,"minecraft:white_wool":1,"minecraft:gold_ingot":62,"minecraft:bone":13,"minecraft:gravel":27,"minecraft:stone_axe":4,"minecraft:blackstone":15,"minecraft:iron_nugget":3,"minecraft:golden_chestplate":1,"minecraft:cobbled_deepslate":82,"minecraft:nether_brick":3,"minecraft:twisting_vines":1,"minecraft:obsidian":3,"minecraft:rotten_flesh":12,"minecraft:oak_planks":9,"gobber2:gobber2_foo_nether":4,"minecraft:leather_chestplate":1,"minecraft:gunpowder":1,"minecraft:leather_boots":1,"minecraft:leather_leggings":1,"minecraft:arrow":3,"minecraft:glass":1,"minecraft:beef":4,"minecraft:crying_obsidian":11,"minecraft:quartz":83,"minecraft:netherrack":2,"minecraft:egg":2,"minecraft:golden_boots":2,"minecraft:enchanted_book":3,"minecraft:bread":1,"minecraft:wheat_seeds":9,"gobber2:gobber2_foo":2,"minecraft:iron_helmet":2,"minecraft:feather":2,"minecraft:cobblestone":198,"minecraft:granite":4,"minecraft:stick":3,"minecraft:diorite":26,"minecraft:torch":2,"minecraft:lodestone":1,"gobber2:gobber2_ring_teleport":1,"minecraft:wooden_axe":1,"minecraft:potion":1,"minecraft:paper":1,"minecraft:spruce_sapling":6,"minecraft:redstone":5,"minecraft:kelp":4,"minecraft:sweet_berries":16,"minecraft:oak_trapdoor":1,"minecraft:stone_sword":2,"minecraft:tuff":26,"minecraft:raw_iron":3,"minecraft:chicken":3,"minecraft:iron_hoe":1,"minecraft:potato":28,"minecraft:oak_button":3,"minecraft:spruce_planks":149,"minecraft:iron_chestplate":3,"minecraft:diamond_pickaxe":1,"minecraft:andesite":64,"minecraft:golden_leggings":2,"minecraft:oak_boat":1,"minecraft:oak_sapling":45,"minecraft:spider_eye":2,"minecraft:bow":1,"minecraft:stone_pickaxe":2,"minecraft:wooden_pickaxe":2,"minecraft:raw_gold":3,"minecraft:black_wool":1}},"DataVersion":3953}