{"stats":{"minecraft:broken":{"minecraft:stone_sword":1,"minecraft:stone_pickaxe":1,"minecraft:shield":1,"minecraft:iron_pickaxe":2},"minecraft:mined":{"minecraft:nether_gold_ore":89,"minecraft:white_bed":2,"minecraft:tuff":18,"minecraft:spruce_planks":2,"minecraft:jungle_leaves":1,"minecraft:glow_lichen":1,"minecraft:granite":8,"minecraft:grass_block":12,"minecraft:jungle_log":16,"minecraft:soul_soil":3,"minecraft:spruce_leaves":1,"minecraft:hay_block":11,"minecraft:large_fern":1,"minecraft:polished_blackstone_bricks":2,"minecraft:furnace":8,"minecraft:iron_ore":70,"minecraft:fire":34,"minecraft:cobbled_deepslate":1,"minecraft:andesite":12,"minecraft:deepslate_lapis_ore":2,"minecraft:pointed_dripstone":1,"minecraft:deepslate_iron_ore":30,"minecraft:vine":7,"minecraft:warped_stem":6,"minecraft:stone":154,"minecraft:white_wool":1,"minecraft:jungle_trapdoor":4,"minecraft:deepslate_redstone_ore":2,"minecraft:glass_pane":1,"minecraft:soul_sand":1,"minecraft:blackstone":3,"minecraft:soul_fire":25,"minecraft:basalt":6,"minecraft:crafting_table":14,"minecraft:torch":1,"minecraft:short_grass":39,"minecraft:nether_quartz_ore":12,"minecraft:cobblestone":9,"minecraft:diorite":1,"minecraft:purple_bed":4,"minecraft:dark_oak_slab":1,"minecraft:birch_log":2,"minecraft:sweet_berry_bush":6,"minecraft:wheat":2,"minecraft:coal_ore":90,"minecraft:oak_log":14,"minecraft:cocoa":1,"minecraft:gravel":3,"minecraft:sand":1,"minecraft:dirt":17,"minecraft:cobweb":1,"minecraft:netherrack":289,"minecraft:gold_ore":1,"minecraft:oak_leaves":5,"minecraft:deepslate":82,"minecraft:fern":6},"minecraft:killed_by":{"minecraft:ghast":2,"minecraft:piglin_brute":3,"minecraft:enderman":1,"minecraft:piglin":2},"minecraft:custom":{"minecraft:mob_kills":89,"minecraft:open_barrel":2,"minecraft:interact_with_crafting_table":84,"minecraft:leave_game":5,"minecraft:time_since_death":52196,"minecraft:climb_one_cm":980,"minecraft:sprint_one_cm":661305,"minecraft:walk_one_cm":272107,"minecraft:damage_blocked_by_shield":4599,"minecraft:drop":118,"minecraft:talked_to_villager":16,"minecraft:play_time":182141,"minecraft:sneak_time":3793,"minecraft:deaths":10,"minecraft:walk_under_water_one_cm":9471,"minecraft:boat_one_cm":86139,"minecraft:jump":4782,"minecraft:walk_on_water_one_cm":18027,"minecraft:total_world_time":182141,"minecraft:interact_with_furnace":114,"minecraft:sleep_in_bed":8,"minecraft:time_since_rest":52235,"minecraft:damage_taken":7274,"minecraft:damage_dealt":12755,"minecraft:swim_one_cm":39530,"minecraft:fly_one_cm":882935,"minecraft:open_chest":93,"minecraft:crouch_one_cm":12632,"minecraft:interact_with_smoker":43,"minecraft:fall_one_cm":142576},"minecraft:used":{"minecraft:stone_sword":131,"minecraft:chest":1,"minecraft:spruce_planks":1,"minecraft:shield":68,"minecraft:iron_sword":116,"minecraft:cooked_chicken":2,"minecraft:rotten_flesh":4,"minecraft:netherrack":132,"minecraft:iron_chestplate":2,"minecraft:orange_bed":1,"minecraft:torch":4,"minecraft:soul_sand":2,"minecraft:dirt":34,"minecraft:mutton":6,"minecraft:jungle_planks":6,"minecraft:jungle_trapdoor":5,"minecraft:iron_axe":33,"minecraft:iron_boots":1,"minecraft:basalt":3,"minecraft:sweet_berries":44,"minecraft:furnace":10,"minecraft:egg":3,"minecraft:potato":13,"minecraft:cobbled_deepslate":51,"minecraft:golden_axe":3,"minecraft:iron_leggings":3,"minecraft:golden_boots":1,"minecraft:cooked_mutton":16,"minecraft:baked_potato":1,"minecraft:birch_planks":7,"minecraft:oak_planks":15,"minecraft:stone_pickaxe":355,"minecraft:blackstone":13,"minecraft:wooden_pickaxe":8,"minecraft:white_wool":1,"minecraft:crafting_table":17,"minecraft:crossbow":16,"minecraft:white_bed":3,"minecraft:smoker":1,"minecraft:iron_pickaxe":539,"minecraft:bread":40,"minecraft:stone_axe":106,"minecraft:purple_bed":5,"minecraft:cobblestone":79,"minecraft:cooked_porkchop":11,"minecraft:oak_boat":5},"minecraft:crafted":{"minecraft:smooth_stone":4,"minecraft:oak_planks":52,"minecraft:cooked_chicken":7,"minecraft:furnace":4,"minecraft:jungle_trapdoor":2,"minecraft:stone":4,"minecraft:cooked_mutton":17,"minecraft:warped_planks":8,"minecraft:iron_boots":2,"minecraft:iron_axe":1,"minecraft:stone_pickaxe":5,"minecraft:chest":1,"minecraft:golden_boots":1,"minecraft:smoker":1,"minecraft:wheat":252,"minecraft:cooked_porkchop":11,"minecraft:crafting_table":6,"minecraft:spruce_planks":24,"minecraft:iron_helmet":1,"minecraft:wooden_pickaxe":1,"minecraft:baked_potato":17,"minecraft:iron_sword":2,"minecraft:bucket":1,"minecraft:hay_block":10,"minecraft:birch_planks":8,"minecraft:stone_axe":3,"minecraft:air":0,"minecraft:bread":54,"minecraft:jungle_planks":32,"minecraft:oak_boat":1,"minecraft:iron_chestplate":2,"minecraft:shield":3,"minecraft:stick":28,"minecraft:iron_ingot":77,"minecraft:iron_pickaxe":4,"minecraft:stone_sword":2,"minecraft:iron_leggings":2,"minecraft:gold_ingot":53,"minecraft:white_bed":1,"minecraft:torch":4},"minecraft:dropped":{"minecraft:bread":24,"minecraft:iron_sword":1,"minecraft:soul_sand":4,"minecraft:birch_planks":1,"minecraft:wheat_seeds":7,"minecraft:golden_helmet":2,"minecraft:cooked_porkchop":3,"minecraft:crossbow":1,"minecraft:dark_oak_slab":2,"minecraft:feather":7,"minecraft:cobblestone":3,"minecraft:spectral_arrow":3,"minecraft:granite":8,"minecraft:flint":4,"minecraft:gray_wool":1,"minecraft:diorite":1,"minecraft:iron_leggings":1,"minecraft:gold_nugget":50,"minecraft:sand":1,"minecraft:iron_axe":2,"minecraft:iron_pickaxe":2,"minecraft:white_wool":7,"minecraft:gold_ingot":73,"minecraft:stone_axe":1,"minecraft:sweet_berries":1,"minecraft:cooked_chicken":5,"minecraft:cobbled_deepslate":2,"minecraft:pointed_dripstone":2,"minecraft:obsidian":2,"minecraft:raw_iron":12,"minecraft:rotten_flesh":6,"minecraft:oak_planks":12,"minecraft:iron_boots":1,"minecraft:cooked_mutton":5,"minecraft:white_bed":1,"minecraft:spruce_planks":3,"minecraft:iron_chestplate":1,"minecraft:andesite":4,"minecraft:jungle_log":4,"minecraft:basalt":1,"minecraft:bow":1,"minecraft:arrow":2,"minecraft:stone_pickaxe":2,"minecraft:ghast_tear":1,"minecraft:netherrack":21},"minecraft:picked_up":{"minecraft:iron_chestplate":4,"minecraft:cocoa_beans":3,"minecraft:crafting_table":17,"minecraft:wheat":2,"minecraft:splash_potion":1,"minecraft:chicken":9,"minecraft:wooden_pickaxe":1,"minecraft:enchanted_book":2,"minecraft:nether_brick":7,"minecraft:soul_soil":20,"minecraft:jungle_trapdoor":6,"minecraft:string":11,"minecraft:iron_axe":4,"minecraft:iron_leggings":2,"minecraft:blackstone":74,"minecraft:gold_nugget":372,"minecraft:cobbled_deepslate":85,"minecraft:bucket":1,"minecraft:spruce_planks":4,"minecraft:beef":9,"minecraft:oak_boat":5,"minecraft:iron_nugget":33,"minecraft:iron_pickaxe":4,"minecraft:light_gray_wool":1,"minecraft:furnace":8,"minecraft:iron_boots":2,"minecraft:egg":3,"minecraft:golden_helmet":2,"minecraft:stick":9,"minecraft:raw_iron":161,"minecraft:torch":1,"minecraft:fire_charge":4,"minecraft:porkchop":11,"minecraft:polished_blackstone_bricks":8,"minecraft:pointed_dripstone":2,"minecraft:diorite":1,"minecraft:redstone":19,"minecraft:golden_chestplate":1,"minecraft:arrow":19,"minecraft:rotten_flesh":13,"minecraft:hay_block":11,"minecraft:gold_ingot":32,"minecraft:obsidian":8,"minecraft:mutton":25,"minecraft:white_wool":19,"minecraft:cobblestone":164,"minecraft:birch_log":2,"minecraft:magma_block":1,"minecraft:feather":16,"minecraft:basalt":6,"minecraft:jungle_log":20,"minecraft:andesite":15,"minecraft:leather":15,"minecraft:golden_leggings":1,"minecraft:birch_planks":1,"minecraft:flint":2,"minecraft:tuff":18,"minecraft:oak_log":13,"minecraft:gunpowder":6,"minecraft:lapis_lazuli":13,"minecraft:dirt":35,"minecraft:cooked_mutton":30,"minecraft:bone":17,"minecraft:bow":2,"minecraft:wheat_seeds":15,"minecraft:warped_stem":8,"minecraft:raw_gold":1,"minecraft:iron_ingot":10,"minecraft:cooked_chicken":5,"minecraft:iron_sword":5,"minecraft:soul_sand":57,"minecraft:ghast_tear":3,"minecraft:dark_oak_slab":2,"minecraft:cooked_porkchop":8,"minecraft:birch_boat":1,"minecraft:sweet_berries":40,"minecraft:quartz":27,"minecraft:dripstone_block":4,"minecraft:gravel":50,"minecraft:sand":1,"minecraft:jungle_planks":16,"minecraft:white_bed":2,"minecraft:crying_obsidian":6,"minecraft:spectral_arrow":32,"minecraft:purple_bed":4,"minecraft:spruce_boat":1,"minecraft:crossbow":2,"minecraft:granite":8,"minecraft:gray_wool":2,"minecraft:bread":111,"minecraft:baked_potato":4,"minecraft:oak_sapling":6,"minecraft:netherrack":295,"minecraft:coal":179},"minecraft:killed":{"minecraft:spider":2,"minecraft:skeleton":15,"minecraft:chicken":9,"minecraft:magma_cube":9,"minecraft:piglin":2,"minecraft:pig":5,"minecraft:hoglin":1,"minecraft:sheep":13,"minecraft:zombie":17,"minecraft:ghast":9,"minecraft:cow":4}},"DataVersion":3953}