{"stats":{"minecraft:dropped":{"minecraft:dirt":1,"minecraft:wheat_seeds":2,"minecraft:charcoal":12,"minecraft:crafting_table":1,"minecraft:obsidian":2,"minecraft:painting":4,"minecraft:wooden_pickaxe":1,"minecraft:lily_pad":37},"minecraft:custom":{"minecraft:interact_with_furnace":1,"minecraft:sprint_one_cm":191331,"minecraft:damage_taken":433,"minecraft:walk_one_cm":81779,"minecraft:drop":44,"minecraft:damage_dealt":51,"minecraft:interact_with_crafting_table":4,"minecraft:swim_one_cm":26624,"minecraft:interact_with_cartography_table":1,"minecraft:fly_one_cm":345658,"minecraft:open_barrel":10,"minecraft:open_chest":10,"minecraft:crouch_one_cm":2721,"minecraft:interact_with_loom":1,"minecraft:play_one_minute":68689,"minecraft:sneak_time":841,"minecraft:walk_under_water_one_cm":3307,"minecraft:boat_one_cm":284386,"minecraft:jump":1446,"minecraft:interact_with_brewingstand":3,"minecraft:interact_with_blast_furnace":1,"minecraft:leave_game":12,"minecraft:time_since_death":68689,"minecraft:walk_on_water_one_cm":12382,"minecraft:sleep_in_bed":1,"minecraft:climb_one_cm":1935,"minecraft:fall_one_cm":45497,"minecraft:time_since_rest":52383},"minecraft:picked_up":{"minecraft:enchanting_table":1,"minecraft:birch_log":5,"pixelmon:poke_ball_lid":1,"minecraft:stick":2,"minecraft:crafting_table":3,"minecraft:black_carpet":1,"pixelmon:revive":7,"pixelmon:s_exp_candy":1,"minecraft:torch":3,"pixelmon:poke_ball":5,"minecraft:lily_pad":37,"pixelmon:iron_base":1,"minecraft:oak_log":10,"minecraft:stone_button":1,"minecraft:dirt":1,"pixelmon:lure_casing_strong":1,"minecraft:wheat_seeds":2,"pixelmon:lure_casing_weak":1,"minecraft:painting":4,"minecraft:oak_boat":5,"minecraft:iron_ore":16,"minecraft:oak_planks":1,"minecraft:coal":11,"minecraft:cobblestone":20},"minecraft:used":{"minecraft:birch_planks":8,"minecraft:stone_pickaxe":47,"minecraft:oak_planks":25,"minecraft:black_carpet":1,"minecraft:wooden_pickaxe":5,"minecraft:torch":4,"minecraft:golden_sword":3,"minecraft:crafting_table":3,"minecraft:golden_shovel":1,"minecraft:oak_boat":5},"minecraft:crafted":{"minecraft:oak_boat":1,"minecraft:oak_planks":40,"minecraft:crafting_table":1,"minecraft:stick":16,"minecraft:wooden_pickaxe":1,"minecraft:stone_pickaxe":1,"pixelmon:poke_ball":1,"minecraft:birch_planks":20,"minecraft:torch":4},"minecraft:mined":{"minecraft:seagrass":4,"minecraft:birch_log":5,"minecraft:iron_ore":16,"minecraft:birch_leaves":2,"minecraft:black_carpet":1,"minecraft:crafting_table":3,"minecraft:enchanting_table":1,"minecraft:grass":1,"minecraft:coal_ore":11,"minecraft:oak_log":10,"minecraft:dead_bush":4,"minecraft:dirt":1,"minecraft:stone":20,"minecraft:oak_planks":1,"minecraft:oak_leaves":8,"minecraft:wall_torch":1}},"DataVersion":2586}