{"stats":{"minecraft:mined":{"minecraft:stone_pressure_plate":1,"minecraft:orange_terracotta":1,"minecraft:crafting_table":3,"minecraft:grass_block":1,"minecraft:dead_bush":4,"minecraft:oak_planks":2,"minecraft:wall_torch":1,"minecraft:seagrass":4,"minecraft:birch_log":5,"minecraft:iron_ore":16,"minecraft:birch_leaves":2,"minecraft:black_carpet":1,"minecraft:enchanting_table":1,"minecraft:grass":1,"minecraft:oak_log":10,"minecraft:coal_ore":11,"minecraft:dirt":20,"minecraft:stone":33,"minecraft:oak_leaves":8},"minecraft:dropped":{"minecraft:iron_ingot":6,"minecraft:wheat_seeds":2,"minecraft:crafting_table":1,"minecraft:obsidian":2,"pixelmon:s_exp_candy":3,"minecraft:dirt":1,"minecraft:charcoal":12,"minecraft:fire_charge":1,"minecraft:golden_sword":1,"minecraft:stone_pressure_plate":1,"minecraft:painting":4,"minecraft:wooden_pickaxe":1,"minecraft:lily_pad":37},"minecraft:custom":{"minecraft:interact_with_furnace":1,"minecraft:interact_with_cartography_table":1,"minecraft:interact_with_crafting_table":4,"minecraft:open_barrel":10,"minecraft:play_one_minute":144149,"minecraft:interact_with_loom":1,"minecraft:leave_game":22,"minecraft:time_since_death":144149,"minecraft:sleep_in_bed":1,"minecraft:climb_one_cm":1935,"minecraft:time_since_rest":127843,"minecraft:sprint_one_cm":250190,"minecraft:damage_taken":568,"minecraft:walk_one_cm":112385,"minecraft:drop":51,"minecraft:damage_dealt":51,"minecraft:swim_one_cm":29480,"minecraft:fly_one_cm":498368,"minecraft:open_chest":28,"minecraft:crouch_one_cm":2899,"minecraft:sneak_time":851,"minecraft:walk_under_water_one_cm":3474,"minecraft:boat_one_cm":284386,"minecraft:jump":1951,"minecraft:interact_with_brewingstand":4,"minecraft:interact_with_blast_furnace":1,"minecraft:walk_on_water_one_cm":12739,"minecraft:fall_one_cm":60889},"minecraft:picked_up":{"pixelmon:poke_ball_lid":1,"minecraft:birch_log":5,"minecraft:enchanting_table":1,"minecraft:crafting_table":3,"minecraft:black_carpet":1,"pixelmon:revive":7,"pixelmon:poke_ball":5,"minecraft:lily_pad":37,"pixelmon:iron_base":1,"minecraft:oak_log":10,"minecraft:golden_sword":1,"minecraft:dirt":21,"pixelmon:lure_casing_strong":1,"minecraft:wheat_seeds":2,"minecraft:iron_ingot":6,"minecraft:iron_ore":16,"minecraft:oak_boat":5,"pixelmon:terrain_extender":1,"minecraft:oak_planks":2,"minecraft:stick":2,"pixelmon:s_exp_candy":1,"minecraft:torch":3,"minecraft:stone_button":1,"minecraft:stone_pressure_plate":1,"pixelmon:lure_casing_weak":1,"minecraft:painting":4,"minecraft:coal":11,"minecraft:cobblestone":33},"minecraft:crafted":{"minecraft:oak_planks":40,"minecraft:crafting_table":1,"minecraft:wooden_pickaxe":1,"pixelmon:poke_ball":1,"minecraft:birch_planks":20,"minecraft:oak_boat":1,"minecraft:stick":16,"minecraft:stone_pickaxe":1,"minecraft:torch":4},"minecraft:used":{"minecraft:birch_planks":8,"minecraft:stone_pickaxe":72,"minecraft:oak_planks":34,"minecraft:black_carpet":1,"minecraft:wooden_pickaxe":5,"minecraft:torch":4,"minecraft:dirt":15,"minecraft:crafting_table":3,"minecraft:golden_shovel":1,"minecraft:bread":2,"minecraft:golden_sword":3,"minecraft:cobblestone":14,"minecraft:oak_boat":5}},"DataVersion":2586}