{"stats":{"minecraft:dropped":{"minecraft:wheat_seeds":2,"minecraft:obsidian":2,"minecraft:painting":4,"minecraft:lily_pad":21},"minecraft:custom":{"minecraft:time_since_rest":23543,"minecraft:interact_with_furnace":1,"minecraft:sprint_one_cm":98875,"minecraft:damage_taken":320,"minecraft:walk_one_cm":49291,"minecraft:drop":24,"minecraft:interact_with_cartography_table":1,"minecraft:swim_one_cm":12545,"minecraft:interact_with_crafting_table":4,"minecraft:fly_one_cm":139172,"minecraft:open_barrel":8,"minecraft:open_chest":7,"minecraft:crouch_one_cm":2243,"minecraft:play_one_minute":39849,"minecraft:interact_with_loom":1,"minecraft:sneak_time":693,"minecraft:walk_under_water_one_cm":941,"minecraft:boat_one_cm":44402,"minecraft:jump":721,"minecraft:interact_with_brewingstand":3,"minecraft:interact_with_blast_furnace":1,"minecraft:leave_game":11,"minecraft:time_since_death":39849,"minecraft:walk_on_water_one_cm":5967,"minecraft:sleep_in_bed":1,"minecraft:climb_one_cm":438,"minecraft:fall_one_cm":20508},"minecraft:picked_up":{"minecraft:enchanting_table":1,"minecraft:birch_log":5,"pixelmon:poke_ball_lid":1,"minecraft:stick":1,"minecraft:crafting_table":3,"minecraft:lily_pad":21,"pixelmon:iron_base":1,"minecraft:oak_log":10,"minecraft:stone_button":1,"minecraft:wheat_seeds":2,"minecraft:iron_ore":16,"minecraft:painting":4,"minecraft:oak_boat":2,"minecraft:coal":11,"minecraft:cobblestone":8},"minecraft:used":{"minecraft:birch_planks":8,"minecraft:stone_pickaxe":33,"minecraft:oak_planks":15,"minecraft:wooden_pickaxe":5,"minecraft:crafting_table":3,"minecraft:oak_boat":2},"minecraft:crafted":{"minecraft:oak_boat":1,"minecraft:oak_planks":40,"minecraft:crafting_table":1,"minecraft:stick":16,"minecraft:wooden_pickaxe":1,"minecraft:stone_pickaxe":1,"pixelmon:poke_ball":1,"minecraft:torch":4,"minecraft:birch_planks":20},"minecraft:mined":{"minecraft:seagrass":1,"minecraft:iron_ore":16,"minecraft:birch_log":5,"minecraft:birch_leaves":2,"minecraft:crafting_table":3,"minecraft:enchanting_table":1,"minecraft:grass":1,"minecraft:coal_ore":11,"minecraft:oak_log":10,"minecraft:stone":8,"minecraft:oak_leaves":8}},"DataVersion":2586}