{"stats":{"minecraft:picked_up":{"minecraft:stick":1,"minecraft:oak_log":10},"minecraft:crafted":{"minecraft:oak_planks":40},"minecraft:mined":{"minecraft:oak_log":10,"minecraft:oak_leaves":5},"minecraft:custom":{"minecraft:jump":48,"minecraft:time_since_rest":4666,"minecraft:crouch_one_cm":674,"minecraft:play_one_minute":4666,"minecraft:leave_game":5,"minecraft:sprint_one_cm":3483,"minecraft:time_since_death":4666,"minecraft:walk_one_cm":3843,"minecraft:sneak_time":156,"minecraft:fall_one_cm":629,"minecraft:fly_one_cm":11048}},"DataVersion":2586}