{"stats":{"minecraft:dropped":{"pixelmon:plasma_helm":1,"minecraft:kelp":4,"pixelmon:steel_gem":1,"minecraft:turtle_helmet":1,"minecraft:golden_pickaxe":1,"minecraft:glass_bottle":1,"pixelmon:film":1,"pixelmon:plasma_plate":1,"pixelmon:camera":1,"pixelmon:pixelmon_sprite":2,"minecraft:wooden_pickaxe":1,"pixelmon:plasma_legs":1,"minecraft:lily_pad":19,"minecraft:salmon":1,"pixelmon:poke_ball":1},"minecraft:custom":{"minecraft:time_since_rest":64922,"minecraft:sprint_one_cm":319892,"minecraft:open_enderchest":2,"minecraft:damage_taken":682,"minecraft:walk_one_cm":100746,"minecraft:drop":37,"minecraft:damage_dealt":10,"minecraft:tune_noteblock":1,"minecraft:interact_with_crafting_table":6,"minecraft:swim_one_cm":41346,"minecraft:fly_one_cm":381776,"minecraft:open_barrel":84,"minecraft:open_chest":59,"minecraft:crouch_one_cm":924,"minecraft:play_one_minute":72293,"minecraft:interact_with_loom":1,"minecraft:sneak_time":276,"minecraft:walk_under_water_one_cm":5338,"minecraft:boat_one_cm":375124,"minecraft:interact_with_brewingstand":1,"minecraft:jump":1584,"minecraft:leave_game":2,"minecraft:walk_on_water_one_cm":18855,"minecraft:time_since_death":72293,"minecraft:sleep_in_bed":1,"minecraft:climb_one_cm":9445,"minecraft:fall_one_cm":57343},"minecraft:picked_up":{"minecraft:salmon":1,"minecraft:stone_slab":1,"minecraft:wooden_pickaxe":1,"minecraft:oak_log":6,"minecraft:lily_pad":22,"minecraft:dirt":5,"minecraft:kelp":4,"minecraft:spruce_planks":2,"minecraft:painting":3,"minecraft:hay_block":12,"pixelmon:relic_crown":1,"minecraft:andesite_stairs":1,"minecraft:oak_boat":11,"pixelmon:water_stone_sword":1},"minecraft:used":{"minecraft:oak_planks":1,"minecraft:stone_slab":1,"minecraft:wooden_pickaxe":11,"minecraft:dirt":5,"minecraft:potion":1,"minecraft:crafting_table":2,"minecraft:andesite_stairs":1,"minecraft:oak_boat":12,"minecraft:painting":1,"minecraft:cake":4,"minecraft:golden_pickaxe":1},"minecraft:crafted":{"minecraft:turtle_helmet":3,"minecraft:oak_boat":2,"minecraft:oak_planks":24,"minecraft:crafting_table":2,"minecraft:stick":4,"minecraft:wooden_pickaxe":1,"minecraft:golden_pickaxe":1},"minecraft:mined":{"minecraft:hay_block":12,"minecraft:spruce_planks":2,"minecraft:coarse_dirt":1,"minecraft:scaffolding":1,"pixelmon:relic_crown":1,"minecraft:kelp_plant":1,"minecraft:birch_log":2,"minecraft:barrel":1,"minecraft:andesite_stairs":2,"minecraft:tnt":2,"minecraft:gray_stained_glass_pane":4,"minecraft:grass_path":1,"minecraft:infested_mossy_stone_bricks":1,"minecraft:grass":2,"minecraft:grass_block":3,"minecraft:oak_log":6,"minecraft:dirt":4,"minecraft:stone_slab":1,"minecraft:tall_grass":5,"minecraft:oak_leaves":1}},"DataVersion":2586}