{"stats":{"minecraft:custom":{"minecraft:interact_with_crafting_table":43,"minecraft:open_barrel":407,"minecraft:eat_cake_slice":4,"minecraft:leave_game":18,"minecraft:time_since_death":114476,"minecraft:sprint_one_cm":3402193,"minecraft:drop":343,"minecraft:deaths":4,"minecraft:jump":16451,"minecraft:interact_with_brewingstand":4,"minecraft:walk_on_water_one_cm":77201,"minecraft:interact_with_furnace":31,"minecraft:play_one_minute":1096252,"minecraft:interact_with_loom":4,"minecraft:sleep_in_bed":5,"minecraft:open_enderchest":6,"minecraft:damage_dealt":10,"minecraft:crouch_one_cm":29472,"minecraft:interact_with_smoker":2,"minecraft:horse_one_cm":2356317,"minecraft:interact_with_smithing_table":4,"minecraft:interact_with_anvil":9,"minecraft:inspect_hopper":1,"minecraft:climb_one_cm":55912,"minecraft:walk_one_cm":1426131,"minecraft:sneak_time":10215,"minecraft:walk_under_water_one_cm":47555,"minecraft:interact_with_lectern":2,"minecraft:boat_one_cm":970184,"minecraft:interact_with_blast_furnace":5,"minecraft:tune_noteblock":1,"minecraft:pot_flower":1,"minecraft:time_since_rest":114521,"minecraft:damage_absorbed":119,"minecraft:damage_taken":9369,"minecraft:trigger_trapped_chest":3,"minecraft:swim_one_cm":285175,"minecraft:fly_one_cm":3428362,"minecraft:open_chest":413,"minecraft:fish_caught":1,"minecraft:fall_one_cm":628763},"minecraft:picked_up":{"minecraft:wheat":1,"minecraft:nether_brick_fence":1,"minecraft:flower_pot":2,"minecraft:smithing_table":3,"minecraft:stone_slab":1,"minecraft:wither_rose":1,"minecraft:crimson_planks":2,"minecraft:polished_blackstone_brick_stairs":2,"minecraft:string":2,"minecraft:soul_soil":9,"minecraft:smooth_stone_slab":2,"pixelmon:tamato_berry":1,"pixelmon:sweet_star":2,"minecraft:beetroot":1,"minecraft:spruce_planks":3,"pixelmon:pixelmon_sprite":1,"pixelmon:steelium_z":1,"minecraft:coal_block":25,"minecraft:furnace":4,"minecraft:stick":7,"pixelmon:blue_berry_wood_stairs":1,"minecraft:torch":17,"pixelmon:relic_vase":2,"pixelmon:plasma_plate":1,"minecraft:sandstone_wall":1,"minecraft:diorite":6,"pixelmon:crystal":1,"minecraft:brown_carpet":1,"minecraft:rotten_flesh":1,"minecraft:polished_basalt":4,"minecraft:iron_block":1,"pixelmon:magenta_poke_bag":8,"minecraft:white_terracotta":3,"pixelmon:red_apricorn":17,"pixelmon:relic_copper":1,"minecraft:obsidian":8,"minecraft:cod":1,"minecraft:iron_bars":2,"minecraft:blaze_powder":5,"minecraft:cobblestone":236,"minecraft:birch_log":13,"minecraft:magma_block":1,"minecraft:lilac":1,"minecraft:iron_door":1,"minecraft:birch_slab":11,"minecraft:andesite":10,"minecraft:potato":4,"minecraft:flint":1,"minecraft:wither_skeleton_skull":5,"minecraft:stripped_birch_log":3,"pixelmon:white_apricorn":13,"minecraft:dirt":140,"minecraft:lantern":1,"minecraft:twisting_vines":2,"minecraft:bone":6,"minecraft:wheat_seeds":12,"tcg:card":8,"pixelmon:green_poke_bag":1,"minecraft:dark_oak_sign":2,"minecraft:bamboo":1,"tcg:deck":1,"minecraft:oak_planks":5,"minecraft:ghast_tear":1,"minecraft:chiseled_polished_blackstone":1,"pixelmon:energy_root":1,"minecraft:sand":13,"minecraft:chiseled_sandstone":1,"minecraft:red_terracotta":1,"minecraft:netherite_block":1,"minecraft:light_gray_terracotta":2,"minecraft:polished_andesite":1,"pixelmon:m_exp_candy":1,"minecraft:diamond":2,"minecraft:spruce_boat":5,"minecraft:cracked_polished_blackstone_bricks":34,"minecraft:granite":22,"pixelmon:oven":1,"minecraft:spruce_sign":1,"minecraft:bread":65,"minecraft:oak_sapling":1,"minecraft:netherrack":349,"minecraft:dark_oak_fence":2,"minecraft:crimson_roots":1,"pixelmon:temple_slab":3,"minecraft:coarse_dirt":7,"minecraft:crafting_table":14,"pixelmon:lure_fairy_strong":3,"minecraft:nether_wart":9,"pixelmon:ultra_desert_gilded_sand":1,"minecraft:brown_mushroom":1,"minecraft:wooden_pickaxe":1,"pixelmon:pokemail_mech":1,"pixelmon:razz_berry":2,"minecraft:gold_block":39,"pixelmon:pinap_berry":1,"minecraft:chain":1,"pixelmon:temple_pillar_fractured":1,"pixelmon:wooden_base":2,"minecraft:flint_and_steel":1,"pixelmon:platinum_base":1,"pixelmon:dynamax_candy":2,"minecraft:item_frame":4,"minecraft:birch_fence":1,"minecraft:blackstone":9,"minecraft:andesite_stairs":1,"minecraft:oak_boat":19,"minecraft:lectern":1,"pixelmon:bauxite_ore":1,"pixelmon:green_apricorn":12,"pixelmon:ultra_space_stone":2,"minecraft:sandstone":29,"pixelmon:fire_stone_shard":2,"pixelmon:galarica_cuff":1,"pixelmon:item_finder":1,"minecraft:polished_blackstone_bricks":62,"minecraft:stone_button":2,"pixelmon:ultra_desert_cactus":1,"minecraft:netherite_pickaxe":1,"minecraft:dark_oak_planks":2,"pixelmon:blunder_policy":1,"minecraft:stone_pressure_plate":2,"pixelmon:fire_stone_pickaxe":1,"pixelmon:water_gem":1,"pixelmon:pink_apricorn":13,"minecraft:beetroot_seeds":1,"minecraft:peony":5,"minecraft:nether_bricks":65,"pixelmon:ultra_gingko_log":1,"minecraft:hay_block":12,"pixelmon:relic_crown":5,"minecraft:stripped_dark_oak_wood":1,"tcg:card_back":3,"minecraft:gold_ingot":3,"minecraft:mutton":2,"minecraft:nether_brick_wall":1,"minecraft:white_wool":4,"pixelmon:poke_ball_lid":2,"pixelmon:pomeg_berry":1,"pixelmon:acro_bike":3,"minecraft:basalt":22,"pixelmon:blue_berry_wood_planks":1,"minecraft:crimson_stem":14,"minecraft:salmon":1,"pixelmon:life_orb":1,"minecraft:cut_sandstone":2,"minecraft:filled_map":1,"minecraft:birch_planks":5,"pixelmon:poke_ball":25,"pixelmon:kelpsy_berry":1,"minecraft:oak_log":14,"minecraft:lily_pad":22,"minecraft:nether_wart_block":13,"pixelmon:oval_stone":1,"pixelmon:fairium_z":1,"minecraft:orange_terracotta":7,"pixelmon:leaf_stone":6,"minecraft:stone_bricks":1,"minecraft:apple":1,"minecraft:gray_carpet":3,"minecraft:kelp":4,"pixelmon:cyan_gym_sign":4,"pixelmon:tr8_blank":1,"minecraft:spruce_wood":4,"minecraft:iron_ingot":5,"minecraft:iron_ore":18,"tcg:coin":1,"pixelmon:water_stone_sword":1,"pixelmon:sapphire":3,"pixelmon:sweet_clover":1,"minecraft:soul_sand":38,"minecraft:dark_oak_stairs":2,"pixelmon:yellow_apricorn":13,"minecraft:book":7,"minecraft:polished_andesite_stairs":2,"minecraft:sweet_berries":2,"pixelmon:xs_exp_candy":2,"minecraft:stone_brick_slab":2,"minecraft:quartz":28,"minecraft:cracked_nether_bricks":1,"pixelmon:amethyst":1,"minecraft:gravel":1,"pixelmon:temple_brick":1,"minecraft:dead_fire_coral_block":1,"pixelmon:leaf_stone_shard":2,"minecraft:spruce_sapling":2,"pixelmon:moon_stone":1,"minecraft:spruce_log":5,"minecraft:nether_brick_slab":1,"minecraft:gold_ore":2,"minecraft:crying_obsidian":1,"pixelmon:mach_bike":3,"minecraft:green_carpet":1,"pixelmon:blue_apricorn":18,"pixelmon:silver_ingot":1,"minecraft:painting":5,"minecraft:birch_sign":1,"minecraft:lodestone":2,"minecraft:terracotta":1,"minecraft:coal":31},"minecraft:dropped":{"pixelmon:ultra_desert_cactus":1,"pixelmon:ruby":2,"minecraft:soul_sand":2,"pixelmon:kelpsy_berry":1,"minecraft:golden_pickaxe":1,"minecraft:ender_pearl":1,"minecraft:glass_bottle":2,"pixelmon:leaf_stone":6,"pixelmon:potion":19,"pixelmon:terrain_extender":1,"minecraft:leather":2,"pixelmon:ability_capsule":2,"minecraft:cod":1,"minecraft:item_frame":1,"minecraft:flint":1,"pixelmon:plasma_helm":2,"pixelmon:steel_gem":1,"minecraft:dirt":4,"pixelmon:super_potion":16,"minecraft:mutton":2,"minecraft:crimson_roots":1,"pixelmon:magenta_poke_bag":5,"pixelmon:fire_stone_helm":1,"pixelmon:hondew_berry":2,"minecraft:sand":1,"pixelmon:dynamax_candy":2,"pixelmon:safety_goggles":1,"minecraft:gold_ingot":11,"minecraft:bone":6,"pixelmon:leaf_stone_shard":2,"pixelmon:throat_spray":2,"minecraft:golden_chestplate":1,"minecraft:beetroot":1,"minecraft:rotten_flesh":1,"tcg:card":1,"pixelmon:zap_plate":1,"pixelmon:moon_stone":1,"minecraft:blaze_powder":5,"pixelmon:fire_stone_shard":2,"minecraft:salmon":1,"pixelmon:bug_gem":1,"pixelmon:razz_berry":1,"pixelmon:pinap_berry":1,"pixelmon:insect_plate":2,"minecraft:turtle_helmet":2,"tcg:card_back":2,"pixelmon:sweet_star":2,"pixelmon:power_weight":1,"pixelmon:dynite_ore":2,"minecraft:iron_ore":2,"pixelmon:dish_curry_bone":1,"pixelmon:m_exp_candy":1,"minecraft:ghast_tear":1,"minecraft:quartz":28,"pixelmon:power_anklet":2,"pixelmon:pokemail_mech":1,"pixelmon:poke_ball":266,"minecraft:netherrack":18,"pixelmon:revive":32,"minecraft:enchanted_book":1,"pixelmon:sapphire":5,"minecraft:iron_ingot":8,"minecraft:netherite_pickaxe":1,"minecraft:wheat_seeds":9,"minecraft:lilac":1,"pixelmon:amethyst":2,"pixelmon:exp_share":1,"minecraft:golden_horse_armor":1,"pixelmon:assault_vest":1,"pixelmon:choice_specs":1,"pixelmon:fist_plate":1,"minecraft:cobblestone":6,"minecraft:book":7,"pixelmon:aguav_berry":1,"pixelmon:relic_copper":1,"minecraft:apple":1,"minecraft:granite":19,"pixelmon:mind_plate":1,"pixelmon:oval_stone":1,"minecraft:coal":2,"pixelmon:mach_bike":1,"minecraft:stick":8,"pixelmon:fire_stone_legs":1,"pixelmon:eviolite":3,"pixelmon:escape_rope":2,"pixelmon:xs_exp_candy":2,"pixelmon:linking_cord":1,"minecraft:diorite":6,"pixelmon:crystal":3,"minecraft:golden_carrot":11,"pixelmon:plasma_plate":1,"pixelmon:tr8_blank":1,"pixelmon:mago_berry":2,"pixelmon:water_gem":1,"minecraft:string":2,"minecraft:lily_pad":19,"pixelmon:acro_bike":2,"minecraft:spruce_sapling":2,"pixelmon:aluminium_ingot":2,"minecraft:netherite_hoe":1,"minecraft:kelp":4,"minecraft:netherite_ingot":1,"minecraft:nether_wart":8,"tcg:deck":1,"pixelmon:fire_stone_boots":1,"minecraft:wither_skeleton_skull":2,"pixelmon:camera":1,"pixelmon:tm_gen7_blank":1,"minecraft:flint_and_steel":1,"minecraft:filled_map":2,"pixelmon:thunder_stone":1,"minecraft:potato":4,"minecraft:peony":1,"minecraft:andesite":2,"pixelmon:film":1,"minecraft:bamboo":1,"pixelmon:pixelmon_sprite":2,"pixelmon:hyper_potion":12,"minecraft:sandstone":1,"pixelmon:full_heal":13,"minecraft:stone_pickaxe":1,"minecraft:wooden_pickaxe":2,"pixelmon:flame_orb":1,"pixelmon:tamato_berry":2,"pixelmon:plasma_legs":1,"pixelmon:cyan_gym_sign":2,"pixelmon:pomeg_berry":2},"minecraft:used":{"minecraft:peony":4,"minecraft:nether_brick_fence":1,"pixelmon:bauxite_ore":1,"minecraft:polished_basalt":4,"minecraft:white_terracotta":3,"minecraft:nether_wart":1,"pixelmon:temple_pillar_fractured":1,"minecraft:soul_sand":56,"minecraft:nether_bricks":57,"minecraft:obsidian":30,"minecraft:spruce_boat":5,"minecraft:stripped_dark_oak_wood":1,"minecraft:spruce_wood":2,"minecraft:lantern":1,"minecraft:polished_andesite_stairs":2,"minecraft:stone_bricks":1,"minecraft:item_frame":3,"minecraft:magma_block":1,"minecraft:brown_carpet":1,"minecraft:hay_block":5,"minecraft:sweet_berries":2,"minecraft:oak_sapling":1,"minecraft:furnace":4,"minecraft:beetroot_seeds":1,"minecraft:gold_block":4,"minecraft:chiseled_polished_blackstone":1,"minecraft:dark_oak_stairs":2,"minecraft:wither_skeleton_skull":3,"minecraft:stone_pickaxe":19,"minecraft:gray_carpet":3,"minecraft:dark_oak_sign":2,"minecraft:oak_planks":22,"minecraft:blackstone":7,"minecraft:wooden_pickaxe":34,"minecraft:sandstone":28,"pixelmon:acro_bike":1,"minecraft:white_wool":4,"minecraft:golden_apple":3,"pixelmon:temple_brick":1,"minecraft:sand":12,"minecraft:light_gray_terracotta":2,"pixelmon:ultra_desert_gilded_sand":1,"minecraft:birch_fence":1,"pixelmon:galarica_cuff":1,"pixelmon:temple_slab":3,"minecraft:chiseled_sandstone":3,"minecraft:crying_obsidian":24,"minecraft:birch_slab":41,"minecraft:bread":65,"minecraft:lectern":1,"minecraft:red_terracotta":1,"minecraft:iron_door":1,"minecraft:gravel":1,"minecraft:nether_wart_block":13,"minecraft:andesite":2,"minecraft:dark_oak_fence":2,"minecraft:smithing_table":2,"minecraft:smooth_stone_slab":2,"minecraft:chain":1,"pixelmon:kelpsy_berry":1,"minecraft:oak_boat":21,"minecraft:coarse_dirt":7,"minecraft:golden_pickaxe":1,"tcg:deck":6,"minecraft:iron_bars":2,"minecraft:flint_and_steel":8,"minecraft:spruce_planks":8,"minecraft:sandstone_wall":1,"minecraft:netherrack":331,"minecraft:torch":30,"minecraft:dirt":132,"minecraft:anvil":1,"minecraft:twisting_vines":2,"minecraft:nether_brick_slab":1,"minecraft:granite":3,"minecraft:stone_brick_slab":2,"minecraft:dark_oak_planks":2,"pixelmon:ultra_space_stone":2,"minecraft:iron_block":6,"minecraft:polished_blackstone_brick_stairs":1,"pixelmon:mach_bike":1,"minecraft:crimson_planks":56,"minecraft:basalt":22,"minecraft:golden_carrot":1,"minecraft:soul_soil":9,"minecraft:netherite_pickaxe":382,"minecraft:orange_terracotta":7,"pixelmon:cyan_gym_sign":2,"minecraft:iron_ore":1,"minecraft:nether_brick_wall":1,"minecraft:birch_planks":42,"minecraft:polished_andesite":1,"minecraft:cut_sandstone":1,"minecraft:brown_mushroom":1,"minecraft:spruce_sign":1,"minecraft:gold_ore":2,"minecraft:polished_blackstone_bricks":62,"minecraft:terracotta":1,"minecraft:crafting_table":19,"minecraft:dead_fire_coral_block":1,"minecraft:birch_sign":1,"minecraft:painting":4,"minecraft:cake":4,"pixelmon:oven":1,"minecraft:oak_log":1,"minecraft:netherite_block":1,"minecraft:flower_pot":2,"minecraft:diamond_pickaxe":157,"minecraft:cracked_polished_blackstone_bricks":31,"minecraft:iron_pickaxe":502,"minecraft:map":1,"minecraft:cracked_nether_bricks":1,"minecraft:stone_slab":1,"pixelmon:water_stone_sword":32,"minecraft:green_carpet":1,"minecraft:fishing_rod":1,"minecraft:cobblestone":200,"minecraft:potion":2,"minecraft:andesite_stairs":1,"minecraft:cooked_porkchop":4,"pixelmon:blue_berry_wood_planks":1},"minecraft:crafted":{"minecraft:oak_planks":52,"minecraft:birch_slab":30,"minecraft:stone":5,"minecraft:turtle_helmet":3,"minecraft:crafting_table":7,"minecraft:spruce_planks":20,"minecraft:wooden_pickaxe":1,"pixelmon:poke_ball":7,"pixelmon:poke_ball_lid":5,"minecraft:golden_pickaxe":1,"minecraft:gold_block":2,"minecraft:birch_planks":64,"minecraft:diamond_pickaxe":1,"minecraft:netherite_block":1,"minecraft:stick":12,"minecraft:iron_ingot":56,"minecraft:iron_pickaxe":2,"minecraft:iron_block":7,"minecraft:gold_ingot":11,"minecraft:netherite_ingot":11,"minecraft:stone_button":5,"minecraft:furnace":2,"minecraft:stone_pickaxe":1,"minecraft:spruce_boat":1,"minecraft:netherite_scrap":5,"minecraft:coal_block":2,"minecraft:crimson_planks":56,"minecraft:netherite_pickaxe":1,"minecraft:air":0,"minecraft:oak_boat":2,"pixelmon:cooked_red_apricorn":3,"minecraft:torch":8,"pixelmon:aluminum_base":5},"minecraft:killed_by":{"minecraft:wither":1},"minecraft:mined":{"minecraft:dark_oak_planks":2,"pixelmon:apricorn_leaves_black":1,"minecraft:spruce_planks":3,"minecraft:stone_pressure_plate":1,"minecraft:andesite_stairs":4,"minecraft:jungle_leaves":7,"minecraft:obsidian":8,"minecraft:granite":25,"minecraft:chiseled_polished_blackstone":1,"minecraft:grass_block":95,"pixelmon:temple_pillar_fractured":1,"minecraft:cracked_polished_blackstone_bricks":35,"minecraft:coal_block":25,"minecraft:soul_soil":9,"minecraft:oxeye_daisy":1,"minecraft:nether_wart":3,"minecraft:light_blue_stained_glass":1,"minecraft:polished_blackstone_bricks":62,"minecraft:magma_block":1,"pixelmon:ultra_gingko_log":1,"minecraft:iron_ore":18,"minecraft:barrel":2,"minecraft:fire":66,"minecraft:stripped_dark_oak_wood":1,"minecraft:dark_oak_stairs":2,"pixelmon:blue_berry_wood_stairs":1,"pixelmon:ultra_desert_gilded_sand":1,"minecraft:iron_bars":2,"minecraft:green_carpet":1,"minecraft:spruce_wood":4,"pixelmon:apricorn_leaves_white":1,"pixelmon:cyan_floor_gym_sign":1,"minecraft:netherite_block":1,"minecraft:cut_sandstone":3,"minecraft:blackstone":10,"minecraft:twisting_vines_plant":1,"minecraft:kelp_plant":1,"minecraft:soul_fire":18,"minecraft:orange_terracotta":7,"pixelmon:berry_leaves_kelpsy":1,"pixelmon:cyan_wall_gym_sign":4,"minecraft:torch":9,"minecraft:light_gray_terracotta":2,"minecraft:polished_andesite_stairs":2,"minecraft:dead_bush":2,"minecraft:nether_brick_slab":1,"minecraft:spruce_wall_sign":1,"minecraft:nether_quartz_ore":13,"minecraft:cobblestone":1,"pixelmon:oven":1,"minecraft:iron_door":1,"minecraft:wall_torch":7,"pixelmon:relic_vase":2,"minecraft:seagrass":1,"minecraft:white_terracotta":4,"minecraft:chain":1,"minecraft:nether_wart_block":15,"minecraft:light_gray_stained_glass":1,"minecraft:birch_log":15,"minecraft:lilac":1,"minecraft:tnt":2,"minecraft:smooth_stone_slab":2,"minecraft:grass":34,"minecraft:infested_mossy_stone_bricks":1,"pixelmon:temple_slab":3,"minecraft:oak_log":14,"pixelmon:ultra_space_stone":2,"minecraft:sand":12,"minecraft:dirt":68,"minecraft:crimson_planks":2,"minecraft:sandstone_wall":1,"minecraft:wither_skeleton_skull":5,"minecraft:netherrack":365,"minecraft:oak_leaves":62,"pixelmon:apricorn_leaves_pink":1,"pixelmon:berry_leaves_leppa":1,"minecraft:diamond_ore":2,"minecraft:crying_obsidian":1,"minecraft:blue_stained_glass_pane":2,"pixelmon:relic_crown":5,"minecraft:potted_wither_rose":1,"minecraft:dark_oak_leaves":1,"pixelmon:polished_ultra_space_stone":1,"minecraft:nether_brick_wall":1,"pixelmon:galarica_cuff":1,"minecraft:stripped_birch_log":3,"minecraft:sea_lantern":1,"minecraft:gray_stained_glass_pane":4,"minecraft:nether_bricks":67,"minecraft:dark_oak_fence":2,"minecraft:crimson_roots":1,"minecraft:white_stained_glass":3,"minecraft:birch_slab":9,"minecraft:spruce_leaves":41,"minecraft:sandstone":28,"minecraft:cracked_nether_bricks":1,"minecraft:crimson_stem":14,"minecraft:large_fern":4,"pixelmon:berry_leaves_chesto":3,"minecraft:hay_block":12,"minecraft:furnace":4,"minecraft:nether_sprouts":1,"minecraft:polished_basalt":4,"minecraft:chiseled_sandstone":1,"minecraft:orange_stained_glass_pane":2,"minecraft:andesite":8,"minecraft:gold_block":39,"minecraft:peony":5,"minecraft:nether_brick_fence":1,"minecraft:bookshelf":2,"pixelmon:bauxite_ore":1,"minecraft:stone":252,"pixelmon:leaf_stone_ore":1,"minecraft:smithing_table":3,"minecraft:scaffolding":1,"minecraft:glass_pane":9,"pixelmon:cyan_hanging_gym_sign":1,"minecraft:soul_sand":35,"minecraft:magenta_stained_glass":1,"pixelmon:temple_brick":1,"minecraft:basalt":22,"minecraft:stone_brick_slab":2,"minecraft:crafting_table":14,"pixelmon:blue_berry_wood_planks":1,"minecraft:lectern":1,"minecraft:stone_slab":1,"minecraft:tall_grass":22,"minecraft:polished_blackstone_brick_stairs":2,"minecraft:diorite":6,"minecraft:dead_fire_coral_block":1,"minecraft:birch_planks":5,"minecraft:red_terracotta":1,"minecraft:coarse_dirt":18,"pixelmon:temple_brick_slab":1,"minecraft:sweet_berry_bush":1,"minecraft:spruce_log":5,"minecraft:birch_leaves":21,"pixelmon:berry_leaves_pinap":3,"minecraft:grass_path":2,"minecraft:coal_ore":16,"minecraft:gravel":2,"minecraft:gray_carpet":3,"minecraft:lodestone":2,"minecraft:terracotta":1,"minecraft:polished_andesite":2,"minecraft:stone_bricks":1,"minecraft:mossy_stone_bricks":1,"minecraft:gold_ore":2,"minecraft:birch_fence":1,"minecraft:fern":7},"minecraft:broken":{"minecraft:iron_pickaxe":2}},"DataVersion":2586}