{"stats":{"minecraft:custom":{"minecraft:interact_with_anvil":1,"minecraft:interact_with_crafting_table":16,"minecraft:open_barrel":239,"minecraft:eat_cake_slice":4,"minecraft:leave_game":5,"minecraft:time_since_death":487999,"minecraft:climb_one_cm":46008,"minecraft:sprint_one_cm":1824458,"minecraft:walk_one_cm":610085,"minecraft:drop":137,"minecraft:sneak_time":1113,"minecraft:walk_under_water_one_cm":29876,"minecraft:boat_one_cm":960861,"minecraft:interact_with_brewingstand":3,"minecraft:jump":9548,"minecraft:walk_on_water_one_cm":57753,"minecraft:interact_with_furnace":10,"minecraft:tune_noteblock":1,"minecraft:play_one_minute":487999,"minecraft:interact_with_loom":2,"minecraft:sleep_in_bed":4,"minecraft:time_since_rest":6923,"minecraft:open_enderchest":6,"minecraft:damage_taken":3793,"minecraft:trigger_trapped_chest":3,"minecraft:damage_dealt":10,"minecraft:swim_one_cm":219570,"minecraft:fly_one_cm":1901111,"minecraft:open_chest":229,"minecraft:crouch_one_cm":2171,"minecraft:fish_caught":1,"minecraft:interact_with_smoker":1,"minecraft:fall_one_cm":317868,"minecraft:horse_one_cm":725113},"minecraft:picked_up":{"minecraft:crafting_table":3,"minecraft:coarse_dirt":4,"minecraft:wheat":1,"pixelmon:lure_fairy_strong":3,"minecraft:flower_pot":1,"minecraft:stone_slab":1,"minecraft:wooden_pickaxe":1,"pixelmon:razz_berry":2,"pixelmon:temple_pillar_fractured":1,"minecraft:flint_and_steel":1,"pixelmon:tamato_berry":1,"pixelmon:dynamax_candy":2,"minecraft:item_frame":1,"pixelmon:sweet_star":2,"minecraft:birch_fence":1,"minecraft:spruce_planks":2,"minecraft:andesite_stairs":1,"minecraft:oak_boat":19,"pixelmon:pixelmon_sprite":1,"minecraft:furnace":1,"pixelmon:bauxite_ore":1,"minecraft:stick":4,"pixelmon:blue_berry_wood_stairs":1,"pixelmon:item_finder":1,"minecraft:torch":7,"pixelmon:plasma_plate":1,"pixelmon:galarica_cuff":1,"minecraft:sandstone_wall":1,"minecraft:diorite":2,"pixelmon:crystal":1,"minecraft:brown_carpet":1,"pixelmon:pink_apricorn":13,"pixelmon:ultra_gingko_log":1,"minecraft:rotten_flesh":1,"minecraft:peony":5,"minecraft:polished_basalt":4,"minecraft:hay_block":12,"pixelmon:relic_crown":4,"pixelmon:magenta_poke_bag":6,"minecraft:gold_ingot":3,"pixelmon:red_apricorn":17,"minecraft:mutton":2,"minecraft:blaze_powder":2,"minecraft:cod":1,"minecraft:white_wool":4,"minecraft:cobblestone":160,"minecraft:birch_log":12,"pixelmon:pomeg_berry":1,"minecraft:basalt":1,"minecraft:lilac":1,"pixelmon:blue_berry_wood_planks":1,"minecraft:andesite":8,"minecraft:birch_slab":11,"minecraft:salmon":1,"pixelmon:life_orb":1,"minecraft:filled_map":1,"minecraft:birch_planks":5,"pixelmon:poke_ball":24,"minecraft:flint":1,"minecraft:oak_log":6,"minecraft:lily_pad":22,"pixelmon:oval_stone":1,"pixelmon:white_apricorn":12,"minecraft:stripped_birch_log":3,"pixelmon:fairium_z":1,"minecraft:dirt":92,"minecraft:lantern":1,"pixelmon:leaf_stone":6,"minecraft:twisting_vines":2,"minecraft:bone":1,"minecraft:apple":1,"minecraft:gray_carpet":3,"minecraft:kelp":4,"minecraft:wheat_seeds":9,"pixelmon:tr8_blank":1,"minecraft:spruce_wood":2,"pixelmon:green_poke_bag":1,"minecraft:dark_oak_sign":1,"minecraft:iron_ore":14,"minecraft:bamboo":1,"pixelmon:yellow_apricorn":13,"pixelmon:sweet_clover":1,"pixelmon:water_stone_sword":1,"minecraft:book":3,"minecraft:sweet_berries":2,"minecraft:gravel":1,"pixelmon:temple_brick":1,"pixelmon:leaf_stone_shard":2,"minecraft:spruce_sapling":1,"pixelmon:moon_stone":1,"minecraft:spruce_log":5,"minecraft:green_carpet":1,"pixelmon:blue_apricorn":18,"pixelmon:m_exp_candy":1,"minecraft:diamond":2,"minecraft:spruce_boat":3,"minecraft:granite":12,"minecraft:painting":5,"minecraft:birch_sign":1,"pixelmon:oven":1,"minecraft:lodestone":1,"minecraft:bread":64,"minecraft:oak_sapling":1,"minecraft:coal":30,"pixelmon:temple_slab":3},"minecraft:mined":{"pixelmon:berry_leaves_leppa":1,"minecraft:diamond_ore":2,"minecraft:spruce_planks":2,"pixelmon:relic_crown":4,"minecraft:andesite_stairs":4,"pixelmon:galarica_cuff":1,"minecraft:jungle_leaves":7,"minecraft:stripped_birch_log":3,"minecraft:sea_lantern":1,"minecraft:gray_stained_glass_pane":4,"minecraft:granite":15,"pixelmon:temple_pillar_fractured":1,"minecraft:grass_block":69,"minecraft:white_stained_glass":3,"minecraft:birch_slab":9,"minecraft:spruce_leaves":25,"minecraft:oxeye_daisy":1,"minecraft:light_blue_stained_glass":1,"minecraft:hay_block":12,"minecraft:large_fern":3,"pixelmon:berry_leaves_chesto":3,"pixelmon:ultra_gingko_log":1,"minecraft:furnace":1,"minecraft:iron_ore":14,"minecraft:nether_sprouts":1,"minecraft:polished_basalt":4,"minecraft:barrel":2,"minecraft:fire":5,"minecraft:orange_stained_glass_pane":2,"minecraft:andesite":6,"minecraft:peony":5,"pixelmon:blue_berry_wood_stairs":1,"minecraft:bookshelf":1,"minecraft:green_carpet":1,"pixelmon:bauxite_ore":1,"minecraft:spruce_wood":2,"minecraft:stone":177,"pixelmon:apricorn_leaves_white":1,"pixelmon:leaf_stone_ore":1,"minecraft:scaffolding":1,"minecraft:glass_pane":2,"minecraft:twisting_vines_plant":1,"minecraft:kelp_plant":1,"minecraft:magenta_stained_glass":1,"pixelmon:temple_brick":1,"minecraft:basalt":1,"pixelmon:berry_leaves_kelpsy":1,"minecraft:crafting_table":3,"minecraft:torch":4,"pixelmon:blue_berry_wood_planks":1,"minecraft:stone_slab":1,"minecraft:tall_grass":22,"pixelmon:oven":1,"minecraft:diorite":2,"minecraft:wall_torch":2,"minecraft:seagrass":1,"minecraft:birch_planks":5,"minecraft:coarse_dirt":15,"pixelmon:temple_brick_slab":1,"minecraft:light_gray_stained_glass":1,"minecraft:birch_log":14,"minecraft:sweet_berry_bush":1,"minecraft:lilac":1,"minecraft:spruce_log":5,"minecraft:birch_leaves":19,"minecraft:tnt":2,"minecraft:grass_path":2,"minecraft:infested_mossy_stone_bricks":1,"minecraft:grass":23,"pixelmon:temple_slab":3,"minecraft:oak_log":6,"minecraft:coal_ore":16,"minecraft:gravel":2,"minecraft:dirt":48,"minecraft:lodestone":1,"minecraft:gray_carpet":3,"minecraft:sandstone_wall":1,"minecraft:polished_andesite":1,"minecraft:mossy_stone_bricks":1,"pixelmon:apricorn_leaves_pink":1,"minecraft:oak_leaves":51,"minecraft:birch_fence":1,"minecraft:fern":4},"minecraft:dropped":{"pixelmon:ruby":1,"minecraft:wheat_seeds":6,"minecraft:lilac":1,"minecraft:golden_pickaxe":1,"minecraft:glass_bottle":2,"minecraft:golden_horse_armor":1,"pixelmon:choice_specs":1,"pixelmon:potion":3,"pixelmon:leaf_stone":6,"minecraft:book":3,"minecraft:leather":2,"minecraft:apple":1,"minecraft:granite":9,"pixelmon:oval_stone":1,"minecraft:cod":1,"minecraft:stick":1,"minecraft:flint":1,"pixelmon:plasma_helm":2,"pixelmon:steel_gem":1,"minecraft:dirt":1,"pixelmon:escape_rope":2,"pixelmon:eviolite":2,"pixelmon:crystal":2,"minecraft:diorite":2,"minecraft:mutton":2,"pixelmon:magenta_poke_bag":2,"pixelmon:plasma_plate":1,"pixelmon:tr8_blank":1,"pixelmon:dynamax_candy":2,"minecraft:lily_pad":19,"minecraft:spruce_sapling":1,"minecraft:gold_ingot":6,"minecraft:bone":1,"pixelmon:leaf_stone_shard":2,"minecraft:kelp":4,"minecraft:golden_chestplate":1,"pixelmon:throat_spray":2,"minecraft:rotten_flesh":1,"pixelmon:camera":1,"pixelmon:moon_stone":1,"minecraft:blaze_powder":2,"minecraft:salmon":1,"minecraft:flint_and_steel":1,"pixelmon:razz_berry":1,"minecraft:filled_map":1,"minecraft:turtle_helmet":2,"pixelmon:sweet_star":2,"minecraft:peony":1,"pixelmon:film":1,"minecraft:bamboo":1,"pixelmon:pixelmon_sprite":2,"minecraft:iron_ore":2,"pixelmon:m_exp_candy":1,"minecraft:stone_pickaxe":1,"minecraft:wooden_pickaxe":2,"pixelmon:plasma_legs":1,"pixelmon:tamato_berry":2,"pixelmon:pomeg_berry":2,"pixelmon:poke_ball":96},"minecraft:used":{"minecraft:peony":4,"pixelmon:bauxite_ore":1,"minecraft:flint_and_steel":4,"minecraft:polished_basalt":4,"pixelmon:temple_pillar_fractured":1,"minecraft:sandstone_wall":1,"minecraft:torch":18,"minecraft:dirt":85,"minecraft:twisting_vines":2,"minecraft:granite":3,"minecraft:obsidian":5,"minecraft:spruce_boat":3,"minecraft:lantern":1,"minecraft:item_frame":1,"minecraft:basalt":1,"minecraft:brown_carpet":1,"minecraft:sweet_berries":2,"minecraft:hay_block":5,"minecraft:oak_sapling":1,"minecraft:furnace":1,"minecraft:iron_ore":1,"minecraft:birch_planks":42,"minecraft:stone_pickaxe":19,"minecraft:gray_carpet":3,"minecraft:dark_oak_sign":1,"minecraft:oak_planks":1,"minecraft:wooden_pickaxe":34,"minecraft:white_wool":4,"pixelmon:temple_brick":1,"minecraft:crafting_table":7,"minecraft:birch_sign":1,"minecraft:painting":4,"minecraft:cake":4,"pixelmon:oven":1,"minecraft:birch_fence":1,"pixelmon:galarica_cuff":1,"pixelmon:temple_slab":3,"minecraft:flower_pot":1,"minecraft:birch_slab":41,"minecraft:iron_pickaxe":218,"minecraft:bread":6,"minecraft:map":1,"pixelmon:water_stone_sword":32,"minecraft:stone_slab":1,"minecraft:gravel":1,"minecraft:green_carpet":1,"minecraft:fishing_rod":1,"minecraft:potion":2,"minecraft:cobblestone":143,"minecraft:andesite":2,"minecraft:andesite_stairs":1,"minecraft:oak_boat":21,"minecraft:coarse_dirt":4,"pixelmon:blue_berry_wood_planks":1,"minecraft:golden_pickaxe":1},"minecraft:crafted":{"minecraft:oak_planks":24,"minecraft:birch_slab":30,"minecraft:furnace":1,"minecraft:stone_pickaxe":1,"minecraft:spruce_boat":1,"minecraft:turtle_helmet":3,"minecraft:crafting_table":6,"minecraft:spruce_planks":20,"minecraft:wooden_pickaxe":1,"minecraft:golden_pickaxe":1,"minecraft:birch_planks":60,"minecraft:air":0,"minecraft:oak_boat":2,"minecraft:stick":8,"minecraft:iron_ingot":11,"minecraft:iron_pickaxe":1,"minecraft:torch":8}},"DataVersion":2586}