{"stats":{"minecraft:dropped":{"pixelmon:plasma_helm":1,"pixelmon:steel_gem":1,"minecraft:glass_bottle":1,"pixelmon:film":1,"pixelmon:plasma_plate":1,"pixelmon:camera":1,"pixelmon:pixelmon_sprite":2,"minecraft:wooden_pickaxe":1,"pixelmon:plasma_legs":1,"minecraft:lily_pad":19},"minecraft:custom":{"minecraft:time_since_rest":22922,"minecraft:sprint_one_cm":114461,"minecraft:open_enderchest":2,"minecraft:damage_taken":260,"minecraft:walk_one_cm":43200,"minecraft:drop":29,"minecraft:damage_dealt":10,"minecraft:interact_with_crafting_table":3,"minecraft:swim_one_cm":9709,"minecraft:fly_one_cm":143335,"minecraft:open_barrel":41,"minecraft:open_chest":15,"minecraft:crouch_one_cm":439,"minecraft:play_one_minute":30293,"minecraft:sneak_time":78,"minecraft:walk_under_water_one_cm":1665,"minecraft:boat_one_cm":100655,"minecraft:interact_with_brewingstand":1,"minecraft:jump":651,"minecraft:leave_game":2,"minecraft:walk_on_water_one_cm":9979,"minecraft:time_since_death":30293,"minecraft:sleep_in_bed":1,"minecraft:climb_one_cm":6002,"minecraft:fall_one_cm":22319},"minecraft:picked_up":{"minecraft:wooden_pickaxe":1,"minecraft:oak_log":6,"minecraft:lily_pad":22,"minecraft:dirt":4,"minecraft:hay_block":12,"minecraft:oak_boat":4},"minecraft:used":{"minecraft:dirt":4,"minecraft:potion":1,"minecraft:crafting_table":2,"minecraft:oak_boat":5},"minecraft:crafted":{"minecraft:oak_boat":2,"minecraft:oak_planks":24,"minecraft:crafting_table":2,"minecraft:stick":4,"minecraft:wooden_pickaxe":1},"minecraft:mined":{"minecraft:hay_block":12,"minecraft:birch_log":2,"minecraft:gray_stained_glass_pane":4,"minecraft:infested_mossy_stone_bricks":1,"minecraft:grass":2,"minecraft:grass_block":2,"minecraft:oak_log":6,"minecraft:dirt":2,"minecraft:tall_grass":3}},"DataVersion":2586}