{"stats":{"minecraft:dropped":{"minecraft:iron_door":1},"minecraft:broken":{"minecraft:wooden_pickaxe":1},"minecraft:custom":{"minecraft:time_since_rest":28108,"minecraft:interact_with_furnace":3,"minecraft:sprint_one_cm":69431,"minecraft:damage_taken":120,"minecraft:walk_one_cm":78303,"minecraft:drop":1,"minecraft:swim_one_cm":15783,"minecraft:interact_with_crafting_table":4,"minecraft:fly_one_cm":72608,"minecraft:open_barrel":10,"minecraft:open_chest":7,"minecraft:crouch_one_cm":1189,"minecraft:play_one_minute":28108,"minecraft:sneak_time":626,"minecraft:walk_under_water_one_cm":909,"minecraft:jump":426,"minecraft:interact_with_brewingstand":2,"minecraft:leave_game":1,"minecraft:walk_on_water_one_cm":3700,"minecraft:time_since_death":28108,"minecraft:climb_one_cm":320,"minecraft:fall_one_cm":9416},"minecraft:picked_up":{"minecraft:birch_log":6,"minecraft:crafting_table":3,"minecraft:iron_door":1,"minecraft:torch":3,"pixelmon:film":1,"pixelmon:poke_ball":1,"minecraft:dirt":3,"pixelmon:white_vending_machine":1,"minecraft:granite":5,"pixelmon:red_pc":1,"minecraft:iron_ore":25,"pixelmon:pixelmon_sprite":1,"pixelmon:red_apricorn":4,"pixelmon:camera":1,"minecraft:coal":56,"minecraft:cobblestone":67,"minecraft:furnace":1},"minecraft:crafted":{"minecraft:crafting_table":2,"minecraft:stick":16,"minecraft:iron_pickaxe":1,"minecraft:iron_ingot":3,"minecraft:wooden_pickaxe":1,"minecraft:stone_pickaxe":1,"minecraft:stone_sword":1,"minecraft:furnace":2,"minecraft:torch":4,"minecraft:birch_planks":24,"minecraft:stone_axe":1,"minecraft:air":0},"minecraft:used":{"minecraft:stone_sword":1,"minecraft:stone_pickaxe":99,"minecraft:wooden_pickaxe":59,"minecraft:stone":1,"minecraft:stone_axe":3,"minecraft:torch":3,"minecraft:crafting_table":3,"minecraft:furnace":1,"minecraft:granite":4},"minecraft:mined":{"minecraft:furnace":1,"minecraft:birch_log":6,"minecraft:iron_ore":25,"minecraft:crafting_table":3,"minecraft:torch":2,"minecraft:granite":4,"minecraft:grass_block":2,"minecraft:coal_ore":57,"minecraft:dirt":1,"minecraft:stone":67,"minecraft:iron_door":1,"minecraft:wall_torch":1}},"DataVersion":2586}