{"stats":{"minecraft:broken":{"minecraft:stone_pickaxe":1,"minecraft:iron_pickaxe":1},"minecraft:mined":{"minecraft:nether_gold_ore":148,"minecraft:spruce_planks":11,"minecraft:white_bed":8,"minecraft:jungle_leaves":2,"minecraft:grass_block":25,"minecraft:jungle_log":8,"minecraft:crimson_roots":4,"minecraft:cracked_polished_blackstone_bricks":3,"minecraft:kelp":3,"minecraft:crimson_stem":1,"minecraft:gilded_blackstone":1,"minecraft:hay_block":70,"minecraft:polished_blackstone_bricks":16,"minecraft:magma_block":1,"minecraft:furnace":6,"minecraft:iron_ore":37,"minecraft:fire":44,"minecraft:vine":6,"minecraft:warped_stem":4,"minecraft:stone":129,"minecraft:white_wool":3,"minecraft:orange_bed":1,"minecraft:jungle_trapdoor":2,"minecraft:soul_sand":4,"minecraft:blackstone":11,"minecraft:crimson_nylium":9,"minecraft:soul_fire":11,"minecraft:basalt":20,"minecraft:dandelion":2,"minecraft:powder_snow":1,"minecraft:crafting_table":34,"minecraft:short_grass":19,"minecraft:emerald_ore":2,"minecraft:warped_roots":2,"minecraft:chest":1,"minecraft:nether_quartz_ore":7,"minecraft:cobblestone":7,"minecraft:oak_planks":3,"minecraft:diorite":8,"minecraft:warped_wart_block":2,"minecraft:purple_bed":3,"minecraft:warped_nylium":1,"minecraft:birch_log":6,"minecraft:wheat":40,"minecraft:birch_leaves":1,"minecraft:warped_fungus":1,"minecraft:coal_ore":38,"minecraft:oak_log":25,"minecraft:gravel":10,"minecraft:dirt":19,"minecraft:netherrack":515,"minecraft:oak_leaves":6,"minecraft:fern":3},"minecraft:killed_by":{"minecraft:ghast":2,"minecraft:piglin_brute":5,"minecraft:piglin":1,"minecraft:skeleton":2},"minecraft:used":{"minecraft:iron_shovel":24,"minecraft:flint_and_steel":1,"minecraft:oak_sign":18,"minecraft:chest":3,"minecraft:spruce_planks":34,"minecraft:shield":10,"minecraft:iron_sword":77,"minecraft:zombie_spawn_egg":5,"minecraft:wooden_shovel":12,"minecraft:cooked_chicken":5,"minecraft:rotten_flesh":7,"minecraft:netherrack":375,"minecraft:iron_chestplate":1,"minecraft:soul_sand":8,"minecraft:dirt":579,"minecraft:hopper":3,"minecraft:jungle_trapdoor":2,"minecraft:obsidian":5,"minecraft:lava_bucket":12,"minecraft:villager_spawn_egg":6,"minecraft:iron_axe":116,"minecraft:grass_block":171,"minecraft:barrel":14,"minecraft:furnace":10,"minecraft:egg":1,"minecraft:cooked_beef":12,"minecraft:golden_boots":1,"minecraft:wheat_seeds":30,"minecraft:cooked_mutton":10,"minecraft:acacia_boat":8,"minecraft:water_bucket":41,"minecraft:diorite":8,"minecraft:stone_pickaxe":176,"minecraft:oak_planks":6,"minecraft:wooden_pickaxe":53,"minecraft:birch_boat":4,"minecraft:cobblestone_slab":7,"minecraft:leather_boots":1,"minecraft:polished_blackstone_bricks":2,"minecraft:oak_leaves":1,"minecraft:white_wool":12,"minecraft:sand":199,"minecraft:crafting_table":37,"minecraft:white_bed":14,"minecraft:diamond_shovel":380,"minecraft:crying_obsidian":6,"minecraft:iron_pickaxe":775,"minecraft:bread":59,"minecraft:oak_button":14,"minecraft:gravel":8,"minecraft:golden_leggings":2,"minecraft:golden_helmet":1,"minecraft:stone_axe":107,"minecraft:fire_charge":1,"minecraft:cobblestone":96,"minecraft:purple_bed":2,"minecraft:cooked_porkchop":5,"minecraft:bucket":43,"minecraft:oak_boat":27},"minecraft:custom":{"minecraft:mob_kills":96,"minecraft:inspect_hopper":4,"minecraft:interact_with_crafting_table":70,"minecraft:open_barrel":17,"minecraft:leave_game":3,"minecraft:time_since_death":101126,"minecraft:climb_one_cm":2335,"minecraft:sprint_one_cm":674052,"minecraft:walk_one_cm":576755,"minecraft:damage_blocked_by_shield":615,"minecraft:drop":225,"minecraft:talked_to_villager":29,"minecraft:play_time":275392,"minecraft:sneak_time":22591,"minecraft:deaths":14,"minecraft:walk_under_water_one_cm":13442,"minecraft:boat_one_cm":226175,"minecraft:jump":5444,"minecraft:walk_on_water_one_cm":35154,"minecraft:total_world_time":275392,"minecraft:interact_with_furnace":66,"minecraft:sleep_in_bed":8,"minecraft:time_since_rest":35531,"minecraft:damage_taken":8644,"minecraft:damage_dealt":20440,"minecraft:swim_one_cm":45971,"minecraft:fly_one_cm":1714273,"minecraft:open_chest":46,"minecraft:crouch_one_cm":88128,"minecraft:interact_with_smoker":1,"minecraft:fall_one_cm":146256},"minecraft:crafted":{"minecraft:oak_planks":88,"minecraft:leather_boots":1,"minecraft:birch_boat":2,"minecraft:furnace":5,"minecraft:jungle_trapdoor":2,"minecraft:cooked_mutton":22,"minecraft:flint_and_steel":1,"minecraft:warped_planks":32,"minecraft:iron_boots":2,"minecraft:iron_axe":2,"minecraft:stone_pickaxe":4,"minecraft:chest":2,"minecraft:spruce_boat":1,"minecraft:golden_helmet":1,"minecraft:wheat":378,"minecraft:golden_boots":1,"minecraft:cooked_beef":23,"minecraft:cooked_porkchop":6,"minecraft:crafting_table":7,"minecraft:spruce_planks":52,"minecraft:wooden_pickaxe":4,"minecraft:iron_helmet":2,"minecraft:iron_sword":2,"minecraft:bucket":1,"minecraft:birch_planks":24,"minecraft:stone_axe":4,"minecraft:air":0,"minecraft:bread":137,"minecraft:jungle_planks":48,"minecraft:oak_boat":1,"minecraft:iron_chestplate":2,"minecraft:golden_leggings":1,"minecraft:shield":2,"minecraft:stick":68,"minecraft:iron_ingot":48,"minecraft:iron_pickaxe":7,"minecraft:iron_shovel":1,"minecraft:iron_leggings":2,"minecraft:gold_ingot":69,"minecraft:white_bed":1},"minecraft:dropped":{"minecraft:crimson_stem":1,"minecraft:water_bucket":1,"minecraft:bread":47,"minecraft:iron_sword":4,"minecraft:soul_sand":41,"minecraft:brown_mushroom":1,"minecraft:wheat_seeds":73,"minecraft:golden_helmet":3,"minecraft:warped_fungus":2,"minecraft:crafting_table":1,"minecraft:cooked_porkchop":4,"minecraft:crossbow":1,"minecraft:cobblestone":4,"minecraft:warped_roots":4,"minecraft:spectral_arrow":3,"minecraft:copper_ingot":2,"minecraft:flint":1,"minecraft:stick":1,"minecraft:cracked_polished_blackstone_bricks":2,"minecraft:lava_bucket":1,"minecraft:dirt":17,"minecraft:crimson_roots":3,"minecraft:seagrass":1,"minecraft:potion":1,"minecraft:iron_leggings":2,"minecraft:gold_nugget":7,"minecraft:gilded_blackstone":8,"minecraft:sand":1,"minecraft:iron_axe":3,"minecraft:polished_blackstone_bricks":10,"minecraft:iron_pickaxe":8,"minecraft:string":1,"minecraft:dandelion":2,"minecraft:gold_ingot":50,"minecraft:bone":3,"minecraft:gravel":67,"minecraft:stone_axe":1,"minecraft:kelp":7,"minecraft:blackstone":91,"minecraft:warped_nylium":3,"minecraft:golden_chestplate":2,"minecraft:nether_brick":34,"minecraft:rotten_flesh":7,"minecraft:iron_boots":2,"minecraft:villager_spawn_egg":185,"minecraft:diamond_shovel":1,"minecraft:cooked_mutton":5,"minecraft:white_bed":1,"minecraft:oak_sign":3,"minecraft:poppy":64,"minecraft:cobblestone_slab":4,"minecraft:gunpowder":2,"minecraft:oak_button":10,"minecraft:iron_chestplate":2,"minecraft:hopper":1,"minecraft:oak_boat":2,"minecraft:oak_sapling":1,"minecraft:stone_pickaxe":2,"minecraft:basalt":18,"minecraft:arrow":2,"minecraft:wooden_pickaxe":4,"minecraft:warped_wart_block":1,"minecraft:crying_obsidian":5,"minecraft:ghast_tear":1,"minecraft:quartz":1,"minecraft:netherrack":42},"minecraft:picked_up":{"minecraft:iron_chestplate":3,"minecraft:seagrass":1,"minecraft:crafting_table":37,"minecraft:wheat":34,"minecraft:splash_potion":4,"minecraft:brown_mushroom":3,"minecraft:wooden_pickaxe":3,"minecraft:enchanted_book":2,"minecraft:potion":5,"minecraft:gilded_blackstone":5,"minecraft:nether_brick":58,"minecraft:shield":1,"minecraft:jungle_trapdoor":4,"minecraft:string":18,"minecraft:iron_axe":7,"minecraft:iron_leggings":3,"minecraft:blackstone":164,"minecraft:oak_sign":2,"minecraft:gold_nugget":658,"minecraft:bucket":3,"minecraft:spruce_planks":35,"minecraft:beef":50,"minecraft:oak_boat":24,"minecraft:cobblestone_slab":1,"minecraft:poppy":4,"minecraft:iron_pickaxe":11,"minecraft:chest":1,"minecraft:egg":1,"minecraft:iron_boots":4,"minecraft:furnace":6,"minecraft:golden_helmet":3,"minecraft:raw_iron":37,"minecraft:stick":29,"minecraft:copper_ingot":2,"minecraft:fire_charge":19,"minecraft:porkchop":25,"minecraft:polished_blackstone_bricks":12,"minecraft:diorite":8,"minecraft:golden_chestplate":1,"minecraft:orange_bed":1,"minecraft:arrow":46,"minecraft:rotten_flesh":14,"minecraft:hay_block":75,"minecraft:gold_ingot":8,"minecraft:mutton":31,"minecraft:obsidian":10,"minecraft:white_wool":37,"minecraft:cobblestone":150,"minecraft:birch_log":6,"minecraft:crimson_stem":1,"minecraft:magma_block":2,"minecraft:basalt":18,"minecraft:magma_cream":20,"minecraft:water_bucket":1,"minecraft:jungle_log":12,"minecraft:leather":61,"minecraft:golden_leggings":1,"minecraft:potato":4,"minecraft:birch_planks":3,"minecraft:flint":2,"minecraft:oak_log":27,"minecraft:gunpowder":2,"minecraft:acacia_boat":8,"minecraft:dirt":44,"minecraft:cooked_mutton":14,"minecraft:bone":3,"minecraft:kelp":7,"minecraft:wheat_seeds":101,"minecraft:warped_stem":8,"minecraft:iron_ingot":28,"minecraft:stone_pickaxe":4,"minecraft:cooked_chicken":5,"minecraft:oak_planks":3,"minecraft:iron_sword":9,"minecraft:soul_sand":154,"minecraft:ghast_tear":2,"minecraft:warped_fungus":2,"minecraft:birch_boat":3,"minecraft:cooked_porkchop":3,"minecraft:sweet_berries":6,"minecraft:warped_wart_block":2,"minecraft:quartz":87,"minecraft:dandelion":2,"minecraft:gravel":172,"minecraft:lava_bucket":1,"minecraft:jungle_planks":6,"minecraft:white_bed":9,"minecraft:spruce_log":8,"minecraft:crying_obsidian":21,"minecraft:spectral_arrow":81,"minecraft:purple_bed":3,"minecraft:snout_armor_trim_smithing_template":2,"minecraft:stone_axe":3,"minecraft:spruce_boat":1,"minecraft:cracked_polished_blackstone_bricks":2,"minecraft:iron_helmet":1,"minecraft:crossbow":1,"minecraft:gray_wool":1,"minecraft:warped_roots":9,"minecraft:emerald":2,"minecraft:bread":176,"minecraft:oak_button":7,"minecraft:piglin_banner_pattern":2,"minecraft:oak_sapling":1,"minecraft:netherrack":718,"minecraft:warped_nylium":5,"minecraft:coal":74,"minecraft:crimson_roots":3,"minecraft:ender_pearl":26},"minecraft:killed":{"minecraft:spider":2,"minecraft:skeleton":1,"minecraft:drowned":1,"minecraft:turtle":1,"minecraft:piglin_brute":1,"minecraft:magma_cube":1,"minecraft:piglin":1,"minecraft:pig":10,"minecraft:iron_golem":5,"minecraft:hoglin":2,"minecraft:creeper":1,"minecraft:sheep":20,"minecraft:zombie":5,"minecraft:ghast":2,"minecraft:enderman":15,"minecraft:cow":26}},"DataVersion":3953}