{"stats":{"minecraft:broken":{"minecraft:stone_pickaxe":1,"minecraft:iron_pickaxe":1},"minecraft:mined":{"minecraft:nether_gold_ore":89,"minecraft:spruce_planks":11,"minecraft:white_bed":7,"minecraft:jungle_leaves":2,"minecraft:grass_block":12,"minecraft:jungle_log":1,"minecraft:crimson_roots":1,"minecraft:cracked_polished_blackstone_bricks":1,"minecraft:kelp":3,"minecraft:gilded_blackstone":1,"minecraft:hay_block":70,"minecraft:polished_blackstone_bricks":15,"minecraft:magma_block":1,"minecraft:furnace":5,"minecraft:iron_ore":37,"minecraft:fire":14,"minecraft:vine":2,"minecraft:warped_stem":4,"minecraft:stone":129,"minecraft:white_wool":3,"minecraft:orange_bed":1,"minecraft:jungle_trapdoor":2,"minecraft:soul_sand":2,"minecraft:blackstone":10,"minecraft:soul_fire":6,"minecraft:basalt":20,"minecraft:dandelion":2,"minecraft:powder_snow":1,"minecraft:crafting_table":30,"minecraft:short_grass":16,"minecraft:emerald_ore":2,"minecraft:warped_roots":2,"minecraft:chest":1,"minecraft:nether_quartz_ore":2,"minecraft:cobblestone":5,"minecraft:oak_planks":3,"minecraft:diorite":8,"minecraft:purple_bed":3,"minecraft:birch_log":6,"minecraft:wheat":40,"minecraft:birch_leaves":1,"minecraft:warped_fungus":1,"minecraft:coal_ore":38,"minecraft:oak_log":25,"minecraft:gravel":9,"minecraft:dirt":14,"minecraft:netherrack":384,"minecraft:oak_leaves":6,"minecraft:fern":2},"minecraft:killed_by":{"minecraft:ghast":2,"minecraft:piglin_brute":5,"minecraft:piglin":1,"minecraft:skeleton":2},"minecraft:used":{"minecraft:flint_and_steel":1,"minecraft:oak_sign":18,"minecraft:chest":3,"minecraft:spruce_planks":34,"minecraft:shield":10,"minecraft:iron_sword":43,"minecraft:zombie_spawn_egg":5,"minecraft:wooden_shovel":12,"minecraft:cooked_chicken":5,"minecraft:rotten_flesh":6,"minecraft:netherrack":264,"minecraft:iron_chestplate":1,"minecraft:soul_sand":8,"minecraft:dirt":571,"minecraft:hopper":3,"minecraft:jungle_trapdoor":2,"minecraft:obsidian":5,"minecraft:lava_bucket":12,"minecraft:villager_spawn_egg":6,"minecraft:iron_axe":87,"minecraft:grass_block":171,"minecraft:barrel":14,"minecraft:furnace":9,"minecraft:cooked_beef":6,"minecraft:golden_boots":1,"minecraft:wheat_seeds":30,"minecraft:cooked_mutton":10,"minecraft:acacia_boat":8,"minecraft:water_bucket":38,"minecraft:diorite":8,"minecraft:stone_pickaxe":174,"minecraft:oak_planks":6,"minecraft:wooden_pickaxe":53,"minecraft:birch_boat":4,"minecraft:cobblestone_slab":7,"minecraft:leather_boots":1,"minecraft:polished_blackstone_bricks":2,"minecraft:oak_leaves":1,"minecraft:white_wool":12,"minecraft:sand":199,"minecraft:crafting_table":33,"minecraft:white_bed":12,"minecraft:diamond_shovel":380,"minecraft:crying_obsidian":6,"minecraft:iron_pickaxe":546,"minecraft:bread":59,"minecraft:oak_button":14,"minecraft:gravel":8,"minecraft:golden_leggings":2,"minecraft:stone_axe":100,"minecraft:fire_charge":1,"minecraft:cobblestone":76,"minecraft:purple_bed":2,"minecraft:bucket":40,"minecraft:oak_boat":9},"minecraft:custom":{"minecraft:mob_kills":85,"minecraft:inspect_hopper":3,"minecraft:interact_with_crafting_table":58,"minecraft:open_barrel":14,"minecraft:leave_game":3,"minecraft:time_since_death":65126,"minecraft:climb_one_cm":846,"minecraft:sprint_one_cm":592269,"minecraft:walk_one_cm":491622,"minecraft:damage_blocked_by_shield":615,"minecraft:drop":174,"minecraft:talked_to_villager":29,"minecraft:play_time":239392,"minecraft:sneak_time":19578,"minecraft:deaths":14,"minecraft:walk_under_water_one_cm":13442,"minecraft:boat_one_cm":225728,"minecraft:jump":4760,"minecraft:walk_on_water_one_cm":35054,"minecraft:total_world_time":239392,"minecraft:interact_with_furnace":56,"minecraft:sleep_in_bed":7,"minecraft:time_since_rest":61496,"minecraft:damage_taken":7882,"minecraft:damage_dealt":15820,"minecraft:swim_one_cm":45971,"minecraft:fly_one_cm":1602842,"minecraft:open_chest":35,"minecraft:crouch_one_cm":75689,"minecraft:interact_with_smoker":1,"minecraft:fall_one_cm":129929},"minecraft:crafted":{"minecraft:oak_planks":88,"minecraft:leather_boots":1,"minecraft:birch_boat":2,"minecraft:furnace":4,"minecraft:jungle_trapdoor":2,"minecraft:cooked_mutton":22,"minecraft:flint_and_steel":1,"minecraft:warped_planks":32,"minecraft:iron_boots":1,"minecraft:iron_axe":1,"minecraft:stone_pickaxe":4,"minecraft:chest":2,"minecraft:spruce_boat":1,"minecraft:wheat":378,"minecraft:golden_boots":1,"minecraft:cooked_beef":17,"minecraft:crafting_table":7,"minecraft:spruce_planks":52,"minecraft:wooden_pickaxe":4,"minecraft:iron_helmet":1,"minecraft:iron_sword":1,"minecraft:bucket":1,"minecraft:birch_planks":24,"minecraft:stone_axe":4,"minecraft:air":0,"minecraft:bread":137,"minecraft:jungle_planks":20,"minecraft:oak_boat":1,"minecraft:iron_chestplate":1,"minecraft:golden_leggings":1,"minecraft:shield":1,"minecraft:stick":64,"minecraft:iron_ingot":36,"minecraft:iron_pickaxe":4,"minecraft:iron_leggings":1,"minecraft:gold_ingot":42,"minecraft:white_bed":1},"minecraft:dropped":{"minecraft:water_bucket":1,"minecraft:bread":47,"minecraft:iron_sword":4,"minecraft:soul_sand":39,"minecraft:brown_mushroom":1,"minecraft:wheat_seeds":70,"minecraft:golden_helmet":3,"minecraft:warped_fungus":2,"minecraft:crafting_table":1,"minecraft:cooked_porkchop":3,"minecraft:crossbow":1,"minecraft:cobblestone":4,"minecraft:warped_roots":2,"minecraft:spectral_arrow":3,"minecraft:copper_ingot":2,"minecraft:flint":1,"minecraft:stick":1,"minecraft:lava_bucket":1,"minecraft:dirt":5,"minecraft:seagrass":1,"minecraft:iron_leggings":2,"minecraft:gold_nugget":7,"minecraft:gilded_blackstone":8,"minecraft:sand":1,"minecraft:iron_axe":3,"minecraft:polished_blackstone_bricks":9,"minecraft:iron_pickaxe":8,"minecraft:string":1,"minecraft:dandelion":2,"minecraft:gold_ingot":28,"minecraft:bone":3,"minecraft:gravel":66,"minecraft:kelp":7,"minecraft:blackstone":77,"minecraft:golden_chestplate":2,"minecraft:nether_brick":15,"minecraft:rotten_flesh":7,"minecraft:iron_boots":2,"minecraft:villager_spawn_egg":185,"minecraft:diamond_shovel":1,"minecraft:cooked_mutton":5,"minecraft:white_bed":1,"minecraft:oak_sign":3,"minecraft:poppy":2,"minecraft:cobblestone_slab":4,"minecraft:gunpowder":2,"minecraft:oak_button":10,"minecraft:iron_chestplate":2,"minecraft:oak_boat":2,"minecraft:oak_sapling":1,"minecraft:basalt":18,"minecraft:arrow":2,"minecraft:wooden_pickaxe":3,"minecraft:crying_obsidian":4,"minecraft:ghast_tear":1,"minecraft:quartz":1,"minecraft:netherrack":42},"minecraft:picked_up":{"minecraft:iron_chestplate":3,"minecraft:seagrass":1,"minecraft:crafting_table":33,"minecraft:wheat":34,"minecraft:splash_potion":4,"minecraft:brown_mushroom":3,"minecraft:wooden_pickaxe":3,"minecraft:enchanted_book":1,"minecraft:potion":4,"minecraft:gilded_blackstone":5,"minecraft:nether_brick":39,"minecraft:shield":1,"minecraft:jungle_trapdoor":4,"minecraft:string":3,"minecraft:iron_axe":7,"minecraft:iron_leggings":3,"minecraft:blackstone":150,"minecraft:oak_sign":2,"minecraft:gold_nugget":413,"minecraft:bucket":3,"minecraft:spruce_planks":35,"minecraft:beef":50,"minecraft:oak_boat":6,"minecraft:cobblestone_slab":1,"minecraft:poppy":3,"minecraft:iron_pickaxe":11,"minecraft:chest":1,"minecraft:egg":1,"minecraft:iron_boots":3,"minecraft:furnace":5,"minecraft:golden_helmet":3,"minecraft:raw_iron":37,"minecraft:stick":29,"minecraft:copper_ingot":2,"minecraft:fire_charge":18,"minecraft:porkchop":20,"minecraft:polished_blackstone_bricks":11,"minecraft:diorite":8,"minecraft:golden_chestplate":1,"minecraft:orange_bed":1,"minecraft:arrow":46,"minecraft:rotten_flesh":14,"minecraft:hay_block":75,"minecraft:gold_ingot":8,"minecraft:mutton":31,"minecraft:obsidian":8,"minecraft:white_wool":37,"minecraft:cobblestone":149,"minecraft:birch_log":6,"minecraft:magma_block":2,"minecraft:basalt":18,"minecraft:magma_cream":20,"minecraft:water_bucket":1,"minecraft:jungle_log":5,"minecraft:leather":58,"minecraft:golden_leggings":1,"minecraft:potato":4,"minecraft:birch_planks":3,"minecraft:flint":2,"minecraft:oak_log":27,"minecraft:gunpowder":2,"minecraft:acacia_boat":8,"minecraft:dirt":26,"minecraft:cooked_mutton":14,"minecraft:bone":3,"minecraft:kelp":7,"minecraft:wheat_seeds":101,"minecraft:warped_stem":8,"minecraft:iron_ingot":23,"minecraft:stone_pickaxe":4,"minecraft:cooked_chicken":5,"minecraft:oak_planks":3,"minecraft:iron_sword":9,"minecraft:soul_sand":131,"minecraft:ghast_tear":1,"minecraft:warped_fungus":2,"minecraft:birch_boat":3,"minecraft:cooked_porkchop":3,"minecraft:sweet_berries":6,"minecraft:quartz":75,"minecraft:dandelion":2,"minecraft:gravel":171,"minecraft:lava_bucket":1,"minecraft:jungle_planks":6,"minecraft:white_bed":8,"minecraft:spruce_log":8,"minecraft:crying_obsidian":20,"minecraft:spectral_arrow":53,"minecraft:purple_bed":3,"minecraft:snout_armor_trim_smithing_template":2,"minecraft:stone_axe":3,"minecraft:spruce_boat":1,"minecraft:iron_helmet":1,"minecraft:crossbow":1,"minecraft:gray_wool":1,"minecraft:warped_roots":7,"minecraft:emerald":2,"minecraft:bread":144,"minecraft:oak_button":7,"minecraft:piglin_banner_pattern":2,"minecraft:oak_sapling":1,"minecraft:netherrack":590,"minecraft:warped_nylium":2,"minecraft:coal":74,"minecraft:ender_pearl":16},"minecraft:killed":{"minecraft:spider":2,"minecraft:skeleton":1,"minecraft:drowned":1,"minecraft:turtle":1,"minecraft:piglin_brute":1,"minecraft:magma_cube":1,"minecraft:piglin":1,"minecraft:pig":10,"minecraft:iron_golem":4,"minecraft:hoglin":1,"minecraft:creeper":1,"minecraft:sheep":20,"minecraft:zombie":5,"minecraft:ghast":1,"minecraft:enderman":7,"minecraft:cow":26}},"DataVersion":3953}