{"stats":{"minecraft:dropped":{"minecraft:crimson_stem":2,"minecraft:iron_sword":4,"minecraft:soul_sand":10,"minecraft:brown_mushroom":3,"minecraft:lapis_lazuli":70,"minecraft:cooked_beef":5,"minecraft:oak_log":4,"minecraft:baked_potato":3,"minecraft:crafting_table":1,"minecraft:cooked_porkchop":21,"minecraft:crossbow":1,"minecraft:dark_oak_slab":3,"minecraft:warped_roots":15,"minecraft:rail":4,"gobber2:gobber2_gooey_apple":1,"minecraft:red_mushroom":2,"minecraft:gold_block":5,"minecraft:dirt":419,"gobber2:gobber2_arrow":3,"gobber2:gobber2_gooey_bread_nether":2,"gobber2:gobber2_goo_nether":7,"minecraft:dark_oak_trapdoor":2,"minecraft:gold_nugget":4,"minecraft:phantom_membrane":1,"minecraft:polished_blackstone_bricks":34,"minecraft:dark_oak_planks":1,"gobber2:gobber2_arrow_nether":4,"gobber2:gobber2_gooey_bread":3,"minecraft:gold_ingot":75,"minecraft:bone":1,"minecraft:gravel":24,"minecraft:stone_axe":3,"minecraft:blackstone":80,"minecraft:sugar_cane":4,"minecraft:cobbled_deepslate":438,"minecraft:nether_brick":2,"minecraft:twisting_vines":8,"minecraft:obsidian":32,"minecraft:rotten_flesh":26,"universal_graves:grave_compass":1,"minecraft:oak_planks":17,"gobber2:gobber2_gooey_beefstew":3,"gobber2:gobber2_foo_nether":4,"gobber2:gobber2_staff_ensnarement":1,"minecraft:leather_chestplate":1,"minecraft:charcoal":6,"minecraft:leather_boots":3,"minecraft:chest":1,"gobber2:gobber2_glob":1,"minecraft:basalt":43,"minecraft:arrow":10,"minecraft:crying_obsidian":1,"minecraft:quartz":82,"minecraft:netherrack":345,"minecraft:crimson_planks":8,"minecraft:iron_ingot":1,"minecraft:enchanted_book":11,"minecraft:golden_boots":1,"minecraft:oak_slab":14,"minecraft:netherite_pickaxe":2,"minecraft:wheat_seeds":5,"minecraft:golden_helmet":2,"minecraft:dripstone_block":1,"minecraft:cobblestone":305,"minecraft:book":1,"minecraft:amethyst_block":2,"minecraft:apple":5,"minecraft:granite":1,"minecraft:copper_ingot":35,"minecraft:coal":10,"minecraft:stick":37,"minecraft:diorite":33,"gobber2:gobber2_ring_teleport":1,"minecraft:iron_door":1,"minecraft:iron_leggings":1,"minecraft:iron_axe":3,"minecraft:string":6,"minecraft:bucket":2,"minecraft:redstone":8,"minecraft:smooth_basalt":10,"minecraft:furnace":3,"minecraft:sweet_berries":18,"minecraft:soul_soil":11,"minecraft:warped_nylium":3,"travelersbackpack:diamond":1,"minecraft:oak_trapdoor":1,"minecraft:tuff":62,"minecraft:experience_bottle":2,"minecraft:clay_ball":24,"minecraft:iron_hoe":2,"minecraft:diamond_sword":1,"minecraft:potato":177,"minecraft:spruce_boat":1,"minecraft:shield":1,"minecraft:spruce_planks":103,"minecraft:iron_chestplate":1,"minecraft:andesite":1,"minecraft:purple_bed":1,"minecraft:golden_leggings":1,"gobber2:gobber2_gooey_beef_nether":2,"minecraft:oak_sapling":35,"gobber2:gobber2_pickaxe":1,"minecraft:spider_eye":3,"minecraft:spruce_log":33,"minecraft:stone_pickaxe":3,"minecraft:calcite":4},"minecraft:crafted":{"minecraft:oak_planks":324,"minecraft:blaze_powder":8,"travelersbackpack:diamond":1,"minecraft:bookshelf":15,"minecraft:cooked_mutton":27,"minecraft:glass":119,"minecraft:hopper":1,"minecraft:iron_boots":1,"minecraft:chest":9,"gobber2:gobber2_pickaxe":1,"minecraft:netherite_upgrade_smithing_template":6,"minecraft:ender_eye":7,"minecraft:golden_boots":1,"minecraft:glass_bottle":30,"minecraft:oak_slab":24,"travelersbackpack:iron_tier_upgrade":1,"gobber2:gobber2_ingot":27,"minecraft:cooked_porkchop":30,"minecraft:crafting_table":8,"minecraft:spruce_planks":212,"minecraft:iron_helmet":2,"minecraft:wooden_pickaxe":2,"minecraft:baked_potato":24,"minecraft:smithing_table":1,"minecraft:copper_ingot":27,"gobber2:gobber2_gooey_bread":32,"minecraft:spruce_trapdoor":2,"minecraft:dark_oak_slab":6,"minecraft:iron_chestplate":2,"minecraft:golden_leggings":1,"minecraft:diamond_pickaxe":1,"minecraft:charcoal":5,"minecraft:shield":2,"minecraft:stick":28,"minecraft:iron_ingot":118,"minecraft:iron_pickaxe":4,"minecraft:iron_block":27,"minecraft:gold_ingot":91,"minecraft:composter":2,"minecraft:shears":1,"minecraft:leather_boots":2,"minecraft:furnace":5,"minecraft:dark_oak_trapdoor":2,"minecraft:bone_meal":108,"minecraft:oak_trapdoor":4,"gobber2:gobber2_glob":10,"minecraft:iron_axe":3,"minecraft:iron_hoe":2,"minecraft:stone_pickaxe":4,"minecraft:spruce_boat":2,"minecraft:dark_oak_planks":128,"minecraft:golden_helmet":1,"minecraft:wheat":99,"minecraft:cooked_beef":21,"minecraft:netherite_pickaxe":1,"minecraft:crimson_planks":8,"minecraft:enchanting_table":1,"minecraft:iron_sword":1,"gobber2:gobber2_staff_stars":1,"minecraft:bucket":1,"minecraft:stone_axe":3,"minecraft:glowstone":1,"minecraft:air":0,"minecraft:bread":40,"minecraft:oak_boat":1,"minecraft:iron_leggings":1,"minecraft:anvil":2,"minecraft:white_bed":4,"minecraft:torch":16},"minecraft:broken":{"minecraft:golden_leggings":1,"minecraft:stone_pickaxe":2,"minecraft:stone_axe":2,"minecraft:bow":1,"minecraft:iron_axe":1,"minecraft:iron_pickaxe":2},"minecraft:killed":{"minecraft:spider":6,"minecraft:skeleton":25,"minecraft:chicken":1,"minecraft:piglin_brute":9,"minecraft:magma_cube":5,"minecraft:piglin":20,"minecraft:pig":15,"minecraft:creeper":2,"minecraft:sheep":22,"minecraft:zombie":86,"minecraft:ghast":5,"minecraft:cow":18,"minecraft:blaze":18,"minecraft:phantom":2,"minecraft:wither_skeleton":3,"minecraft:player":1,"minecraft:enderman":24},"minecraft:used":{"gobber2:gobber2_goo":4,"gobber2:gobber2_gooey_bread":37,"minecraft:chest":10,"minecraft:shield":76,"minecraft:iron_sword":411,"travelersbackpack:diamond":3,"minecraft:iron_chestplate":1,"gobber2:gobber2_goo_nether":2,"minecraft:soul_sand":12,"minecraft:mutton":2,"minecraft:nether_bricks":3,"minecraft:obsidian":32,"minecraft:spruce_boat":28,"minecraft:glass":87,"minecraft:lava_bucket":14,"minecraft:warped_nylium":1,"minecraft:iron_helmet":1,"minecraft:dark_oak_slab":4,"minecraft:birch_button":2,"minecraft:bow":31,"minecraft:sweet_berries":61,"minecraft:oak_sapling":2,"minecraft:furnace":15,"minecraft:egg":1,"minecraft:potato":147,"minecraft:chiseled_polished_blackstone":1,"minecraft:oak_planks":170,"minecraft:stone_pickaxe":351,"minecraft:ender_pearl":3,"minecraft:blackstone":13,"minecraft:wooden_pickaxe":13,"minecraft:composter":2,"gobber2:gobber2_ring_teleport":4,"minecraft:blue_bed":4,"minecraft:crossbow":26,"minecraft:dripstone_block":1,"gobber2:gobber2_gooey_bread_nether":6,"gobber2:gobber2_gooey_beefstew":7,"minecraft:crying_obsidian":18,"minecraft:dark_oak_log":10,"minecraft:bread":13,"minecraft:gravel":23,"minecraft:golden_helmet":1,"minecraft:diamond_sword":36,"gobber2:gobber2_staff_stars":2,"minecraft:smithing_table":3,"minecraft:oak_boat":7,"minecraft:bone_meal":108,"minecraft:oak_trapdoor":4,"minecraft:experience_bottle":1,"minecraft:enchanting_table":1,"minecraft:flint_and_steel":3,"minecraft:spruce_planks":79,"minecraft:netherrack":943,"minecraft:torch":38,"minecraft:dirt":210,"minecraft:anvil":2,"minecraft:hopper":3,"minecraft:iron_hoe":408,"minecraft:dark_oak_planks":37,"minecraft:bookshelf":15,"minecraft:iron_axe":180,"minecraft:barrel":2,"gobber2:gobber2_staff_ensnarement":4,"minecraft:basalt":3,"minecraft:glowstone":1,"travelersbackpack:ocelot":9,"minecraft:soul_soil":12,"minecraft:netherite_pickaxe":442,"minecraft:cooked_beef":19,"minecraft:cobbled_deepslate":211,"minecraft:iron_leggings":1,"minecraft:wheat_seeds":3,"minecraft:cooked_mutton":27,"minecraft:water_bucket":66,"minecraft:baked_potato":21,"minecraft:polished_blackstone_bricks":26,"minecraft:cracked_stone_bricks":1,"minecraft:oak_slab":1,"minecraft:crafting_table":39,"minecraft:white_bed":5,"minecraft:oak_log":81,"minecraft:ender_eye":14,"minecraft:diamond_pickaxe":2320,"minecraft:diamond_shovel":715,"minecraft:iron_pickaxe":601,"minecraft:spruce_trapdoor":2,"minecraft:spruce_sapling":17,"gobber2:gobber2_gooey_beefstew_nether":3,"minecraft:golden_leggings":1,"minecraft:stone_axe":115,"minecraft:cobblestone":261,"minecraft:purple_bed":6,"minecraft:porkchop":3,"minecraft:cooked_porkchop":16,"minecraft:bucket":85,"gobber2:gobber2_gooey_beef_nether":10},"minecraft:killed_by":{"minecraft:wither_skeleton":1,"minecraft:piglin_brute":1,"minecraft:creeper":2,"minecraft:piglin":2},"minecraft:custom":{"minecraft:interact_with_crafting_table":108,"minecraft:open_barrel":5,"minecraft:leave_game":3,"minecraft:time_since_death":107178,"minecraft:sprint_one_cm":1348075,"minecraft:damage_blocked_by_shield":2513,"minecraft:drop":366,"minecraft:talked_to_villager":3,"minecraft:play_time":567464,"minecraft:deaths":13,"minecraft:jump":11816,"minecraft:walk_on_water_one_cm":49234,"minecraft:enchant_item":18,"minecraft:interact_with_furnace":130,"minecraft:traded_with_villager":1,"minecraft:sleep_in_bed":11,"minecraft:damage_dealt":39637,"minecraft:player_kills":1,"minecraft:crouch_one_cm":156823,"minecraft:interact_with_smoker":1,"minecraft:interact_with_smithing_table":7,"minecraft:interact_with_anvil":11,"minecraft:mob_kills":262,"minecraft:inspect_hopper":1,"minecraft:climb_one_cm":454,"minecraft:walk_one_cm":1075322,"minecraft:sneak_time":46290,"minecraft:walk_under_water_one_cm":17448,"minecraft:boat_one_cm":194562,"minecraft:interact_with_blast_furnace":8,"minecraft:total_world_time":567464,"minecraft:time_since_rest":26605,"minecraft:damage_taken":15101,"minecraft:swim_one_cm":91059,"minecraft:fly_one_cm":1918120,"minecraft:open_chest":151,"minecraft:fall_one_cm":319231},"minecraft:picked_up":{"minecraft:wheat":3,"minecraft:anvil":1,"minecraft:smithing_table":3,"minecraft:diamond_sword":1,"minecraft:enchanted_book":3,"minecraft:birch_button":2,"minecraft:nether_brick":8,"minecraft:amethyst_block":2,"minecraft:raw_copper":27,"minecraft:string":24,"minecraft:soul_soil":23,"travelersbackpack:diamond":2,"universal_graves:grave_compass":1,"minecraft:experience_bottle":9,"minecraft:gold_nugget":328,"minecraft:cobbled_deepslate":578,"minecraft:bucket":2,"minecraft:spruce_planks":50,"minecraft:ender_eye":7,"minecraft:calcite":4,"minecraft:furnace":14,"minecraft:golden_helmet":1,"minecraft:stick":52,"minecraft:torch":22,"minecraft:porkchop":33,"minecraft:diorite":33,"gobber2:gobber2_foo":8,"gobber2:gobber2_gooey_apple":1,"minecraft:rotten_flesh":29,"minecraft:blaze_rod":8,"minecraft:obsidian":7,"minecraft:cobblestone":742,"minecraft:leather_chestplate":1,"minecraft:cooked_beef":3,"minecraft:iron_door":1,"minecraft:andesite":1,"minecraft:golden_leggings":1,"minecraft:potato":335,"gobber2:gobber2_glob":1,"travelersbackpack:ocelot":1,"minecraft:tuff":62,"gobber2:gobber2_gooey_bread_nether":9,"minecraft:lapis_lazuli":454,"minecraft:dirt":616,"minecraft:twisting_vines":8,"minecraft:leather_boots":1,"minecraft:bone":70,"minecraft:bow":1,"gobber2:gobber2_gooey_beef":19,"minecraft:wheat_seeds":10,"minecraft:raw_gold":13,"gobber2:gobber2_globette":93,"minecraft:glowstone_dust":8,"minecraft:oak_planks":18,"gobber2:gobber2_gooey_bread":22,"gobber2:gobber2_rod_nether":7,"minecraft:chiseled_polished_blackstone":1,"minecraft:cooked_porkchop":4,"gobber2:gobber2_staff_ensnarement":1,"minecraft:sand":120,"minecraft:barrel":2,"minecraft:spectral_arrow":39,"minecraft:dark_oak_log":42,"minecraft:iron_hoe":1,"minecraft:diamond":33,"minecraft:spruce_boat":29,"minecraft:cracked_polished_blackstone_bricks":3,"minecraft:granite":1,"minecraft:oak_sapling":37,"minecraft:netherrack":1181,"gobber2:gobber2_goo":13,"minecraft:diamond_pickaxe":1,"minecraft:charcoal":9,"minecraft:crafting_table":32,"gobber2:gobber2_rod":5,"gobber2:gobber2_ring_teleport":1,"minecraft:clay_ball":24,"minecraft:brown_mushroom":3,"minecraft:gold_block":37,"gobber2:gobber2_arrow_nether":10,"minecraft:oak_trapdoor":2,"minecraft:iron_axe":3,"minecraft:blackstone":93,"minecraft:cracked_stone_bricks":1,"minecraft:beef":32,"minecraft:oak_boat":6,"minecraft:light_gray_wool":1,"minecraft:sugar_cane":8,"minecraft:chest":3,"minecraft:phantom_membrane":2,"minecraft:egg":1,"minecraft:raw_iron":95,"minecraft:copper_ingot":8,"minecraft:fire_charge":1,"minecraft:polished_blackstone_bricks":60,"minecraft:redstone":10,"minecraft:netherite_pickaxe":2,"gobber2:gobber2_arrow":5,"minecraft:arrow":25,"minecraft:nether_bricks":3,"gobber2:gobber2_gooey_beef_nether":12,"minecraft:hay_block":11,"minecraft:gold_ingot":28,"minecraft:mutton":33,"minecraft:rail":4,"minecraft:white_wool":18,"minecraft:basalt":46,"minecraft:crimson_stem":4,"gobber2:gobber2_gooey_beefstew":12,"minecraft:leather":30,"minecraft:red_mushroom":2,"minecraft:oak_log":171,"minecraft:gunpowder":3,"gobber2:gobber2_foo_nether":16,"minecraft:blue_bed":5,"minecraft:apple":5,"minecraft:iron_ingot":15,"minecraft:stone_pickaxe":1,"gobber2:gobber2_gooey_beefstew_nether":3,"minecraft:iron_sword":4,"minecraft:soul_sand":22,"minecraft:book":124,"minecraft:oak_slab":5,"minecraft:dark_oak_slab":1,"minecraft:smooth_basalt":10,"minecraft:sweet_berries":73,"minecraft:quartz":105,"minecraft:dripstone_block":2,"minecraft:gravel":47,"minecraft:spruce_sapling":26,"minecraft:white_bed":1,"minecraft:spruce_log":91,"minecraft:crying_obsidian":16,"minecraft:spider_eye":4,"minecraft:purple_bed":7,"minecraft:stone_axe":2,"minecraft:gray_wool":2,"minecraft:warped_roots":15,"minecraft:black_wool":1,"minecraft:warped_nylium":4,"minecraft:coal":79,"gobber2:gobber2_goo_nether":10,"minecraft:hopper":2,"minecraft:ender_pearl":16},"minecraft:mined":{"minecraft:white_bed":1,"minecraft:spruce_planks":6,"minecraft:oak_sapling":4,"minecraft:sculk_vein":23,"minecraft:obsidian":5,"minecraft:granite":34,"minecraft:chiseled_polished_blackstone":1,"minecraft:grass_block":403,"gobber2:gobber2_ore_deepslate":29,"gobber2:gobber2_lucky_block":38,"minecraft:cracked_polished_blackstone_bricks":10,"minecraft:soul_soil":26,"minecraft:hopper":2,"minecraft:crimson_fungus":1,"minecraft:tuff_bricks":4,"minecraft:spawner":1,"minecraft:polished_blackstone_bricks":50,"gobber2:gobber2_ore":7,"minecraft:glowstone":4,"minecraft:barrel":2,"minecraft:iron_ore":79,"minecraft:cobbled_deepslate":5,"minecraft:fire":40,"minecraft:polished_tuff":2,"minecraft:anvil":1,"minecraft:deepslate_lapis_ore":18,"minecraft:pointed_dripstone":4,"minecraft:dirt_path":6,"minecraft:deepslate_redstone_ore":2,"minecraft:brown_mushroom":2,"minecraft:blackstone":36,"minecraft:twisting_vines_plant":3,"minecraft:soul_fire":6,"minecraft:powder_snow":1,"minecraft:clay":6,"minecraft:torch":9,"minecraft:calcite":4,"gobber2:gobber2_lucky_block_nether":52,"minecraft:chest":3,"minecraft:nether_quartz_ore":20,"minecraft:cobblestone":34,"minecraft:sugar_cane":2,"minecraft:oak_planks":9,"minecraft:wall_torch":11,"minecraft:amethyst_block":2,"minecraft:deepslate_copper_ore":7,"minecraft:seagrass":1,"minecraft:warped_nylium":13,"minecraft:dark_oak_slab":1,"minecraft:wheat":3,"minecraft:waxed_copper_block":1,"minecraft:oak_log":31,"minecraft:sand":123,"minecraft:dirt":184,"minecraft:smooth_basalt":10,"minecraft:netherrack":1257,"minecraft:oak_leaves":29,"minecraft:deepslate":532,"minecraft:nether_gold_ore":86,"minecraft:tuff":25,"minecraft:deepslate_diamond_ore":18,"minecraft:nether_bricks":3,"minecraft:spruce_leaves":11,"minecraft:crimson_stem":4,"minecraft:large_fern":2,"minecraft:hay_block":11,"minecraft:oak_trapdoor":1,"minecraft:furnace":11,"minecraft:andesite":64,"minecraft:gold_block":39,"minecraft:bookshelf":41,"minecraft:potatoes":66,"minecraft:deepslate_iron_ore":6,"minecraft:rail":1,"minecraft:stone":815,"minecraft:smithing_table":3,"minecraft:glass_pane":1,"minecraft:soul_sand":17,"minecraft:basalt":64,"minecraft:crafting_table":32,"minecraft:short_grass":4,"minecraft:sculk_sensor":2,"minecraft:tall_grass":3,"minecraft:copper_ore":11,"minecraft:deepslate_gold_ore":3,"minecraft:lapis_ore":21,"minecraft:polished_blackstone_brick_stairs":1,"minecraft:sculk":213,"minecraft:diorite":66,"minecraft:blue_bed":5,"minecraft:warped_wart_block":1,"minecraft:purple_bed":6,"minecraft:spruce_log":3,"minecraft:birch_leaves":2,"gobber2:gobber2_lucky_block_deepslate":46,"minecraft:coal_ore":55,"minecraft:gravel":11,"minecraft:dripstone_block":3,"minecraft:cobweb":3,"minecraft:cracked_stone_bricks":1,"minecraft:stone_bricks":1,"minecraft:mossy_stone_bricks":3,"minecraft:gold_ore":3}},"DataVersion":3953}