{"stats":{"minecraft:broken":{"minecraft:iron_pickaxe":1},"minecraft:custom":{"minecraft:interact_with_furnace":21,"minecraft:interact_with_crafting_table":6,"minecraft:play_one_minute":65516,"minecraft:bell_ring":16,"minecraft:leave_game":4,"minecraft:time_since_death":65516,"minecraft:sleep_in_bed":2,"minecraft:climb_one_cm":2361,"minecraft:time_since_rest":12301,"minecraft:sprint_one_cm":90112,"minecraft:damage_taken":180,"minecraft:walk_one_cm":96404,"minecraft:drop":15,"minecraft:damage_dealt":10,"minecraft:swim_one_cm":4891,"minecraft:fly_one_cm":205193,"minecraft:open_chest":32,"minecraft:crouch_one_cm":8545,"minecraft:sneak_time":3230,"minecraft:walk_under_water_one_cm":918,"minecraft:jump":917,"minecraft:walk_on_water_one_cm":2324,"minecraft:fall_one_cm":28487},"minecraft:picked_up":{"minecraft:wheat":4,"minecraft:crafting_table":3,"pixelmon:poke_ball":7,"minecraft:enchanted_book":1,"minecraft:oak_log":3,"minecraft:red_bed":2,"minecraft:dirt":8,"minecraft:orange_terracotta":1,"minecraft:smooth_sandstone":1,"pixelmon:power_band":1,"minecraft:wheat_seeds":29,"minecraft:iron_ore":30,"minecraft:chest":4,"minecraft:furnace":3,"pixelmon:bauxite_ore":2,"minecraft:stick":5,"minecraft:sandstone":3,"minecraft:torch":2,"minecraft:gravel":18,"minecraft:sand":2,"minecraft:diorite":13,"minecraft:redstone":37,"minecraft:stone_pressure_plate":1,"minecraft:tnt":24,"minecraft:diamond":8,"minecraft:hay_block":15,"pixelmon:ruby":3,"pixelmon:sun_stone_shard":1,"minecraft:bread":6,"minecraft:coal":185,"minecraft:cobblestone":163},"minecraft:crafted":{"minecraft:oak_planks":12,"minecraft:crafting_table":1,"minecraft:furnace":2,"minecraft:cooked_salmon":16,"minecraft:bread":47,"minecraft:air":0,"minecraft:diamond_pickaxe":1,"minecraft:stick":8,"minecraft:iron_ingot":30,"minecraft:iron_pickaxe":1,"minecraft:torch":8,"minecraft:wheat":135},"minecraft:mined":{"minecraft:diamond_ore":8,"minecraft:cut_sandstone":3,"minecraft:stone_pressure_plate":1,"minecraft:red_bed":2,"minecraft:orange_terracotta":1,"pixelmon:ruby_ore":3,"minecraft:smooth_sandstone":1,"minecraft:crafting_table":3,"minecraft:torch":1,"minecraft:granite":1,"minecraft:chest":4,"minecraft:dead_bush":4,"minecraft:cobblestone":7,"minecraft:diorite":15,"minecraft:sandstone":6,"minecraft:wall_torch":1,"minecraft:hay_block":11,"minecraft:redstone_ore":8,"minecraft:furnace":3,"minecraft:wheat":4,"minecraft:iron_ore":30,"minecraft:andesite":1,"minecraft:tnt":18,"minecraft:oak_log":3,"minecraft:coal_ore":69,"pixelmon:bauxite_ore":2,"minecraft:gravel":9,"minecraft:sand":2,"minecraft:dirt":11,"minecraft:stone":183,"minecraft:oak_leaves":1,"pixelmon:sun_stone_ore":1},"minecraft:dropped":{"minecraft:enchanted_book":1,"minecraft:gravel":9,"minecraft:bread":26,"minecraft:wheat_seeds":27,"minecraft:tnt":6,"minecraft:crafting_table":1,"minecraft:cobblestone":42,"minecraft:yellow_dye":1,"minecraft:diorite":13,"minecraft:sand":1,"minecraft:bone":17},"minecraft:used":{"minecraft:wheat_seeds":4,"minecraft:oak_planks":4,"minecraft:chest":4,"minecraft:sandstone":3,"minecraft:torch":5,"minecraft:dirt":8,"minecraft:sand":2,"minecraft:tnt":9,"minecraft:crafting_table":3,"minecraft:red_bed":2,"minecraft:diamond_pickaxe":102,"minecraft:bread":8,"minecraft:iron_pickaxe":250,"minecraft:smooth_sandstone":1,"minecraft:cobblestone":61,"minecraft:furnace":3,"minecraft:stone_pressure_plate":1}},"DataVersion":2586}