{"stats":{"minecraft:dropped":{"minecraft:crimson_stem":2,"minecraft:iron_sword":7,"minecraft:soul_sand":10,"minecraft:brown_mushroom":3,"minecraft:lapis_lazuli":120,"minecraft:cooked_beef":5,"minecraft:oak_log":4,"minecraft:baked_potato":3,"minecraft:crafting_table":1,"gobber2:gobber2_sword":1,"minecraft:cooked_porkchop":21,"minecraft:crossbow":3,"minecraft:dark_oak_slab":3,"minecraft:warped_roots":15,"minecraft:elytra":1,"minecraft:rail":4,"gobber2:gobber2_gooey_apple":1,"minecraft:red_mushroom":2,"minecraft:emerald":1,"minecraft:gold_block":5,"minecraft:dirt":424,"gobber2:gobber2_arrow":3,"gobber2:gobber2_gooey_bread_nether":2,"gobber2:gobber2_goo_nether":7,"minecraft:dark_oak_trapdoor":2,"minecraft:gold_nugget":4,"minecraft:phantom_membrane":2,"minecraft:polished_blackstone_bricks":34,"minecraft:dark_oak_planks":1,"gobber2:gobber2_arrow_nether":4,"minecraft:white_wool":6,"gobber2:gobber2_gooey_bread":16,"minecraft:gold_ingot":75,"minecraft:bone":1,"minecraft:gravel":32,"minecraft:purpur_block":1,"minecraft:stone_axe":3,"minecraft:blackstone":80,"minecraft:sugar_cane":4,"minecraft:cobbled_deepslate":438,"minecraft:nether_brick":2,"minecraft:twisting_vines":8,"minecraft:pointed_dripstone":5,"minecraft:obsidian":32,"minecraft:rotten_flesh":36,"universal_graves:grave_compass":1,"minecraft:oak_planks":19,"minecraft:end_stone":2,"minecraft:glowstone_dust":3,"gobber2:gobber2_gooey_beefstew":3,"gobber2:gobber2_foo_nether":4,"gobber2:gobber2_staff_ensnarement":2,"minecraft:leather_chestplate":1,"minecraft:charcoal":6,"minecraft:leather_boots":3,"minecraft:chest":1,"gobber2:gobber2_glob":1,"minecraft:basalt":43,"minecraft:end_stone_bricks":4,"minecraft:arrow":10,"minecraft:glass":2,"minecraft:crying_obsidian":1,"minecraft:quartz":82,"minecraft:netherrack":345,"minecraft:crimson_planks":8,"minecraft:iron_ingot":1,"minecraft:enchanted_book":11,"minecraft:golden_boots":1,"minecraft:oak_slab":24,"minecraft:netherite_pickaxe":2,"minecraft:wheat_seeds":5,"minecraft:golden_helmet":2,"minecraft:dripstone_block":1,"minecraft:diamond_leggings":1,"minecraft:iron_helmet":1,"minecraft:cobblestone":306,"minecraft:book":13,"minecraft:amethyst_block":2,"minecraft:apple":5,"minecraft:granite":1,"minecraft:copper_ingot":35,"minecraft:coal":10,"minecraft:stick":69,"minecraft:diorite":33,"gobber2:gobber2_ring_teleport":1,"minecraft:iron_door":1,"minecraft:diamond_helmet":1,"minecraft:iron_leggings":1,"minecraft:iron_axe":3,"minecraft:string":6,"minecraft:bucket":2,"minecraft:redstone":8,"minecraft:smooth_basalt":10,"minecraft:purpur_pillar":1,"minecraft:furnace":4,"minecraft:sweet_berries":18,"minecraft:soul_soil":11,"minecraft:warped_nylium":3,"travelersbackpack:diamond":1,"minecraft:oak_trapdoor":2,"minecraft:tuff":62,"minecraft:experience_bottle":2,"minecraft:clay_ball":24,"minecraft:iron_boots":1,"minecraft:iron_hoe":2,"minecraft:diamond_sword":3,"minecraft:potato":177,"minecraft:spruce_boat":1,"minecraft:shield":2,"minecraft:spruce_planks":103,"minecraft:iron_chestplate":2,"minecraft:andesite":1,"minecraft:purple_bed":1,"minecraft:golden_leggings":1,"gobber2:gobber2_gooey_beef_nether":2,"minecraft:oak_sapling":46,"minecraft:golden_sword":3,"gobber2:gobber2_pickaxe":1,"minecraft:spider_eye":4,"minecraft:spruce_log":33,"minecraft:stone_pickaxe":3,"minecraft:calcite":4},"minecraft:crafted":{"minecraft:oak_planks":416,"gobber2:gobber2_leggings":1,"minecraft:blaze_powder":14,"minecraft:birch_slab":6,"gobber2:gobber2_chestplate":1,"travelersbackpack:diamond":1,"minecraft:bookshelf":16,"minecraft:cooked_mutton":27,"minecraft:glass":119,"minecraft:hopper":1,"minecraft:bow":1,"minecraft:iron_boots":1,"minecraft:chest":9,"gobber2:gobber2_pickaxe":1,"minecraft:netherite_upgrade_smithing_template":6,"minecraft:ender_eye":13,"minecraft:golden_boots":1,"minecraft:glass_bottle":30,"minecraft:oak_slab":30,"minecraft:emerald":5,"travelersbackpack:iron_tier_upgrade":1,"gobber2:gobber2_ingot":27,"minecraft:cooked_porkchop":30,"minecraft:crafting_table":8,"minecraft:spruce_planks":212,"minecraft:iron_helmet":2,"minecraft:wooden_pickaxe":2,"minecraft:baked_potato":24,"minecraft:smithing_table":1,"minecraft:copper_ingot":27,"minecraft:fletching_table":1,"minecraft:birch_planks":24,"gobber2:gobber2_gooey_bread":32,"minecraft:spruce_trapdoor":2,"minecraft:lectern":1,"minecraft:dark_oak_slab":6,"minecraft:iron_chestplate":2,"minecraft:golden_leggings":1,"minecraft:diamond_pickaxe":1,"minecraft:charcoal":5,"minecraft:shield":2,"minecraft:stick":203,"minecraft:iron_ingot":118,"minecraft:iron_pickaxe":4,"minecraft:iron_block":27,"minecraft:gold_ingot":91,"minecraft:composter":2,"minecraft:shears":1,"minecraft:leather_boots":2,"minecraft:furnace":5,"minecraft:dark_oak_trapdoor":2,"minecraft:bone_meal":108,"minecraft:oak_trapdoor":4,"gobber2:gobber2_helmet":1,"gobber2:gobber2_glob":10,"minecraft:iron_axe":3,"minecraft:iron_hoe":2,"gobber2:gobber2_boots":1,"minecraft:stone_pickaxe":4,"minecraft:spruce_boat":2,"minecraft:dark_oak_planks":128,"minecraft:golden_helmet":1,"minecraft:wheat":99,"minecraft:cooked_beef":21,"gobber2:gobber2_sword":2,"minecraft:netherite_pickaxe":1,"minecraft:crimson_planks":8,"minecraft:enchanting_table":1,"minecraft:iron_sword":3,"gobber2:gobber2_staff_stars":1,"minecraft:bucket":1,"minecraft:stone_axe":3,"minecraft:glowstone":1,"minecraft:air":0,"minecraft:bread":40,"minecraft:oak_boat":1,"minecraft:iron_leggings":1,"minecraft:anvil":2,"minecraft:white_bed":4,"minecraft:torch":16},"minecraft:broken":{"minecraft:golden_leggings":1,"minecraft:stone_pickaxe":2,"minecraft:stone_axe":2,"minecraft:bow":1,"minecraft:iron_axe":1,"minecraft:iron_pickaxe":2},"minecraft:killed":{"minecraft:spider":7,"minecraft:shulker":4,"minecraft:skeleton":26,"minecraft:chicken":1,"minecraft:piglin_brute":9,"minecraft:magma_cube":5,"minecraft:piglin":20,"minecraft:pig":15,"minecraft:ender_dragon":1,"minecraft:creeper":2,"minecraft:sheep":22,"minecraft:zombie":179,"minecraft:ghast":5,"minecraft:cow":18,"minecraft:blaze":18,"minecraft:phantom":2,"minecraft:wither_skeleton":3,"minecraft:player":1,"minecraft:enderman":44},"minecraft:used":{"gobber2:gobber2_goo":4,"minecraft:elytra":4,"gobber2:gobber2_gooey_bread":38,"minecraft:chest":10,"minecraft:shield":76,"minecraft:iron_sword":415,"travelersbackpack:diamond":3,"minecraft:iron_chestplate":1,"gobber2:gobber2_goo_nether":2,"minecraft:soul_sand":12,"minecraft:mutton":2,"minecraft:nether_bricks":3,"minecraft:obsidian":32,"minecraft:spruce_boat":28,"minecraft:glass":87,"minecraft:lava_bucket":14,"minecraft:warped_nylium":1,"minecraft:iron_helmet":1,"minecraft:dark_oak_slab":4,"minecraft:birch_button":5,"minecraft:bow":107,"minecraft:sweet_berries":61,"minecraft:oak_sapling":2,"minecraft:furnace":15,"minecraft:egg":1,"minecraft:potato":147,"minecraft:chiseled_polished_blackstone":1,"minecraft:oak_planks":170,"minecraft:stone_pickaxe":351,"minecraft:ender_pearl":12,"minecraft:blackstone":13,"minecraft:wooden_pickaxe":13,"minecraft:composter":2,"gobber2:gobber2_ring_teleport":4,"minecraft:blue_bed":4,"minecraft:crossbow":26,"minecraft:dripstone_block":1,"gobber2:gobber2_gooey_bread_nether":6,"gobber2:gobber2_gooey_beefstew":7,"minecraft:crying_obsidian":18,"minecraft:dark_oak_log":10,"minecraft:bread":13,"minecraft:lectern":1,"minecraft:gravel":23,"minecraft:golden_helmet":1,"minecraft:diamond_sword":82,"gobber2:gobber2_staff_stars":2,"minecraft:smithing_table":4,"minecraft:oak_boat":7,"gobber2:gobber2_chestplate":4,"minecraft:bone_meal":108,"minecraft:oak_trapdoor":4,"minecraft:experience_bottle":1,"minecraft:enchanting_table":1,"minecraft:flint_and_steel":4,"minecraft:spruce_planks":79,"minecraft:netherrack":1004,"minecraft:torch":38,"minecraft:dirt":349,"minecraft:anvil":4,"minecraft:hopper":3,"minecraft:iron_hoe":409,"minecraft:dark_oak_planks":37,"minecraft:bookshelf":15,"minecraft:iron_axe":222,"minecraft:barrel":5,"gobber2:gobber2_staff_ensnarement":9,"gobber2:gobber2_gooey_beef":12,"minecraft:basalt":3,"minecraft:glowstone":1,"gobber2:gobber2_sword":149,"travelersbackpack:ocelot":11,"minecraft:soul_soil":12,"minecraft:netherite_pickaxe":517,"minecraft:cooked_beef":19,"minecraft:cobbled_deepslate":211,"minecraft:iron_leggings":1,"minecraft:wheat_seeds":3,"minecraft:cooked_mutton":27,"minecraft:water_bucket":92,"minecraft:baked_potato":21,"minecraft:fletching_table":2,"minecraft:polished_blackstone_bricks":26,"minecraft:cracked_stone_bricks":1,"minecraft:oak_slab":9,"minecraft:crafting_table":40,"minecraft:white_bed":7,"minecraft:oak_log":144,"minecraft:ender_eye":20,"minecraft:diamond_pickaxe":2320,"minecraft:diamond_shovel":835,"minecraft:iron_pickaxe":601,"minecraft:spruce_trapdoor":2,"minecraft:spruce_sapling":17,"gobber2:gobber2_gooey_beefstew_nether":3,"minecraft:golden_leggings":1,"minecraft:stone_axe":115,"minecraft:cobblestone":289,"minecraft:potion":2,"minecraft:purple_bed":6,"minecraft:porkchop":3,"minecraft:cooked_porkchop":16,"minecraft:bucket":111,"gobber2:gobber2_gooey_beef_nether":10},"minecraft:killed_by":{"minecraft:wither_skeleton":1,"minecraft:piglin_brute":1,"minecraft:creeper":2,"minecraft:piglin":2},"minecraft:custom":{"minecraft:interact_with_crafting_table":121,"minecraft:open_barrel":5,"minecraft:leave_game":3,"minecraft:time_since_death":197000,"minecraft:sprint_one_cm":1535574,"minecraft:damage_blocked_by_shield":2513,"minecraft:drop":429,"minecraft:talked_to_villager":9,"minecraft:play_time":657464,"minecraft:deaths":13,"minecraft:jump":13507,"minecraft:interact_with_brewingstand":2,"minecraft:walk_on_water_one_cm":54345,"minecraft:enchant_item":36,"minecraft:interact_with_furnace":130,"minecraft:traded_with_villager":6,"minecraft:sleep_in_bed":13,"minecraft:open_enderchest":1,"minecraft:damage_dealt":60314,"minecraft:player_kills":1,"minecraft:crouch_one_cm":171912,"minecraft:interact_with_smoker":1,"minecraft:interact_with_smithing_table":7,"minecraft:interact_with_anvil":16,"minecraft:mob_kills":389,"minecraft:inspect_hopper":1,"minecraft:climb_one_cm":2662,"minecraft:walk_one_cm":1216709,"minecraft:sneak_time":50468,"minecraft:walk_under_water_one_cm":32399,"minecraft:boat_one_cm":194562,"minecraft:interact_with_blast_furnace":8,"minecraft:total_world_time":657464,"minecraft:interact_with_grindstone":8,"minecraft:time_since_rest":2324,"minecraft:damage_taken":16106,"minecraft:swim_one_cm":108248,"minecraft:fly_one_cm":2207859,"minecraft:open_chest":185,"minecraft:aviate_one_cm":137243,"minecraft:fall_one_cm":358333},"minecraft:picked_up":{"minecraft:shulker_shell":3,"minecraft:wheat":3,"minecraft:anvil":2,"minecraft:smithing_table":3,"minecraft:diamond_sword":3,"minecraft:enchanted_book":4,"minecraft:birch_button":5,"minecraft:nether_brick":8,"minecraft:brewing_stand":1,"minecraft:golden_sword":3,"minecraft:amethyst_block":2,"minecraft:raw_copper":27,"minecraft:string":25,"minecraft:soul_soil":23,"travelersbackpack:diamond":2,"gobber2:gobber2_globette_end":10,"universal_graves:grave_compass":1,"minecraft:experience_bottle":9,"minecraft:gold_nugget":328,"minecraft:cobbled_deepslate":582,"minecraft:bucket":2,"minecraft:spruce_planks":50,"minecraft:ender_eye":7,"minecraft:calcite":4,"minecraft:furnace":14,"minecraft:golden_helmet":1,"minecraft:stick":103,"minecraft:torch":22,"minecraft:purpur_pillar":1,"minecraft:porkchop":33,"gobber2:gobber2_foo_end":7,"minecraft:pointed_dripstone":5,"minecraft:diorite":33,"gobber2:gobber2_foo":8,"gobber2:gobber2_gooey_apple":1,"minecraft:rotten_flesh":37,"travelersbackpack:chicken":1,"minecraft:blaze_rod":8,"minecraft:obsidian":12,"minecraft:cobblestone":777,"minecraft:birch_log":6,"minecraft:leather_chestplate":1,"minecraft:cooked_beef":3,"minecraft:iron_door":1,"minecraft:andesite":1,"minecraft:flint":2,"minecraft:golden_leggings":1,"minecraft:potato":335,"gobber2:gobber2_glob":1,"travelersbackpack:ocelot":1,"minecraft:tuff":62,"gobber2:gobber2_gooey_bread_nether":9,"minecraft:lapis_lazuli":504,"minecraft:dirt":725,"minecraft:twisting_vines":8,"minecraft:leather_boots":1,"minecraft:bone":72,"minecraft:bow":1,"gobber2:gobber2_gooey_beef":19,"minecraft:wheat_seeds":10,"minecraft:raw_gold":13,"gobber2:gobber2_globette":93,"minecraft:fletching_table":1,"minecraft:glowstone_dust":8,"minecraft:oak_planks":19,"gobber2:gobber2_gooey_bread":22,"gobber2:gobber2_rod_nether":7,"minecraft:chiseled_polished_blackstone":1,"minecraft:cooked_porkchop":4,"gobber2:gobber2_staff_ensnarement":2,"minecraft:sand":120,"minecraft:barrel":5,"minecraft:spectral_arrow":40,"minecraft:dark_oak_log":42,"minecraft:iron_hoe":1,"minecraft:diamond":33,"minecraft:spruce_boat":29,"minecraft:cracked_polished_blackstone_bricks":3,"minecraft:crossbow":1,"minecraft:granite":1,"minecraft:end_stone_bricks":4,"minecraft:chorus_fruit":3,"minecraft:oak_sapling":48,"minecraft:netherrack":1184,"gobber2:gobber2_goo":13,"minecraft:diamond_pickaxe":1,"minecraft:charcoal":9,"minecraft:crafting_table":33,"gobber2:gobber2_rod":5,"gobber2:gobber2_ring_teleport":1,"minecraft:clay_ball":24,"minecraft:brown_mushroom":3,"minecraft:gold_block":37,"gobber2:gobber2_arrow_nether":10,"minecraft:purpur_block":2,"minecraft:oak_trapdoor":2,"minecraft:elytra":2,"minecraft:iron_axe":3,"minecraft:blackstone":93,"minecraft:cracked_stone_bricks":1,"minecraft:beef":32,"minecraft:oak_boat":6,"minecraft:light_gray_wool":1,"minecraft:lectern":1,"minecraft:sugar_cane":8,"minecraft:chest":3,"minecraft:phantom_membrane":2,"minecraft:egg":1,"minecraft:raw_iron":95,"minecraft:end_stone":6,"minecraft:copper_ingot":8,"minecraft:fire_charge":1,"minecraft:polished_blackstone_bricks":60,"minecraft:redstone":10,"minecraft:netherite_pickaxe":2,"gobber2:gobber2_arrow":5,"gobber2:gobber2_arrow_end":5,"minecraft:arrow":27,"minecraft:nether_bricks":3,"gobber2:gobber2_gooey_beef_nether":12,"minecraft:hay_block":11,"minecraft:gold_ingot":28,"minecraft:mutton":33,"minecraft:rail":4,"minecraft:white_wool":18,"gobber2:gobber2_rod_end":9,"minecraft:basalt":46,"minecraft:crimson_stem":4,"gobber2:gobber2_gooey_beefstew":12,"minecraft:leather":30,"minecraft:red_mushroom":2,"minecraft:oak_log":257,"minecraft:gunpowder":3,"gobber2:gobber2_foo_nether":16,"minecraft:blue_bed":5,"minecraft:apple":8,"minecraft:iron_ingot":15,"minecraft:stone_pickaxe":1,"gobber2:gobber2_gooey_beefstew_nether":3,"minecraft:iron_sword":4,"minecraft:soul_sand":22,"minecraft:book":134,"minecraft:oak_slab":17,"minecraft:dark_oak_slab":1,"minecraft:smooth_basalt":10,"minecraft:sweet_berries":73,"minecraft:quartz":105,"minecraft:dripstone_block":2,"minecraft:gravel":55,"minecraft:spruce_sapling":26,"minecraft:white_bed":3,"minecraft:spruce_log":91,"minecraft:crying_obsidian":16,"minecraft:spider_eye":4,"minecraft:purple_bed":7,"minecraft:stone_axe":2,"minecraft:gray_wool":2,"minecraft:warped_roots":15,"minecraft:black_wool":1,"minecraft:warped_nylium":4,"minecraft:coal":79,"gobber2:gobber2_goo_nether":10,"minecraft:hopper":2,"minecraft:ender_pearl":28},"minecraft:mined":{"minecraft:white_bed":3,"minecraft:spruce_planks":6,"minecraft:oak_sapling":5,"minecraft:farmland":1,"minecraft:sculk_vein":23,"minecraft:brewing_stand":1,"minecraft:obsidian":14,"minecraft:granite":34,"minecraft:chiseled_polished_blackstone":1,"minecraft:grass_block":449,"gobber2:gobber2_ore_deepslate":29,"gobber2:gobber2_lucky_block":38,"minecraft:cracked_polished_blackstone_bricks":10,"minecraft:soul_soil":26,"minecraft:hopper":2,"minecraft:crimson_fungus":1,"minecraft:tuff_bricks":4,"minecraft:spawner":1,"minecraft:polished_blackstone_bricks":50,"gobber2:gobber2_ore":7,"minecraft:glowstone":4,"minecraft:barrel":5,"minecraft:iron_ore":79,"minecraft:cobbled_deepslate":11,"minecraft:fire":59,"minecraft:polished_tuff":2,"minecraft:fletching_table":2,"minecraft:anvil":2,"minecraft:deepslate_lapis_ore":18,"minecraft:pointed_dripstone":4,"minecraft:dirt_path":7,"gobber2:gobber2_lucky_block_end":31,"minecraft:end_stone_bricks":4,"minecraft:deepslate_redstone_ore":2,"minecraft:brown_mushroom":2,"minecraft:blackstone":36,"minecraft:twisting_vines_plant":3,"minecraft:soul_fire":6,"minecraft:powder_snow":1,"minecraft:clay":6,"minecraft:torch":9,"minecraft:calcite":4,"gobber2:gobber2_lucky_block_nether":52,"minecraft:chest":3,"minecraft:nether_quartz_ore":20,"minecraft:cobblestone":34,"minecraft:sugar_cane":2,"minecraft:oak_planks":9,"minecraft:wall_torch":11,"minecraft:amethyst_block":2,"minecraft:deepslate_copper_ore":7,"minecraft:seagrass":1,"minecraft:warped_nylium":13,"minecraft:dark_oak_slab":1,"minecraft:birch_log":1,"minecraft:wheat":3,"minecraft:waxed_copper_block":1,"minecraft:purpur_block":1,"minecraft:oak_log":52,"minecraft:sand":123,"minecraft:dirt":247,"minecraft:smooth_basalt":10,"minecraft:netherrack":1261,"minecraft:oak_leaves":29,"minecraft:deepslate":532,"minecraft:nether_gold_ore":86,"minecraft:tuff":25,"minecraft:deepslate_diamond_ore":18,"minecraft:end_stone":6,"minecraft:nether_bricks":3,"minecraft:spruce_leaves":12,"minecraft:crimson_stem":4,"minecraft:large_fern":2,"minecraft:hay_block":11,"minecraft:oak_trapdoor":1,"minecraft:furnace":11,"minecraft:andesite":64,"minecraft:gold_block":39,"minecraft:bookshelf":42,"minecraft:potatoes":66,"minecraft:deepslate_iron_ore":6,"minecraft:rail":1,"minecraft:stone":824,"minecraft:smithing_table":3,"minecraft:oak_slab":8,"minecraft:glass_pane":1,"minecraft:soul_sand":17,"minecraft:basalt":64,"minecraft:crafting_table":33,"minecraft:short_grass":4,"minecraft:sculk_sensor":2,"minecraft:lectern":1,"minecraft:purpur_pillar":3,"minecraft:tall_grass":3,"minecraft:copper_ore":11,"minecraft:deepslate_gold_ore":3,"minecraft:lapis_ore":21,"minecraft:polished_blackstone_brick_stairs":1,"minecraft:sculk":213,"minecraft:diorite":66,"minecraft:blue_bed":5,"minecraft:warped_wart_block":1,"minecraft:purple_bed":6,"minecraft:spruce_log":3,"minecraft:birch_leaves":2,"gobber2:gobber2_lucky_block_deepslate":46,"minecraft:coal_ore":55,"minecraft:gravel":25,"minecraft:dripstone_block":3,"minecraft:cobweb":3,"minecraft:cracked_stone_bricks":1,"minecraft:stone_bricks":1,"minecraft:mossy_stone_bricks":3,"minecraft:gold_ore":3}},"DataVersion":3953}