{"stats":{"minecraft:broken":{"minecraft:bow":1,"minecraft:iron_axe":2,"minecraft:iron_pickaxe":2,"minecraft:golden_leggings":1,"minecraft:stone_pickaxe":2,"minecraft:stone_axe":2},"minecraft:crafted":{"minecraft:oak_sign":12,"minecraft:blaze_powder":16,"minecraft:birch_slab":12,"minecraft:lever":10,"travelersbackpack:diamond":1,"minecraft:bookshelf":17,"minecraft:cooked_mutton":27,"minecraft:glass":119,"minecraft:glass_bottle":105,"minecraft:emerald":9,"gobber2:gobber2_ingot":33,"minecraft:cooked_porkchop":30,"gobber2:gobber2_glob_nether":16,"minecraft:smithing_table":1,"minecraft:copper_ingot":27,"minecraft:fletching_table":3,"minecraft:lectern":2,"minecraft:golden_leggings":1,"minecraft:iron_pickaxe":4,"minecraft:iron_block":27,"minecraft:gold_ingot":138,"minecraft:composter":3,"minecraft:bone_meal":108,"gobber2:gobber2_helmet":1,"gobber2:gobber2_glob":11,"gobber2:gobber2_boots":1,"minecraft:stone_pickaxe":4,"minecraft:spruce_boat":2,"minecraft:dark_oak_planks":128,"minecraft:golden_helmet":1,"minecraft:wheat":99,"minecraft:netherite_pickaxe":1,"minecraft:enchanting_table":1,"gobber2:gobber2_staff_stars":1,"minecraft:glowstone":1,"minecraft:enchanted_book":2,"minecraft:golden_apple":15,"minecraft:fermented_spider_eye":3,"minecraft:iron_leggings":1,"minecraft:white_bed":4,"minecraft:oak_planks":844,"gobber2:gobber2_leggings":1,"gobber2:gobber2_chestplate":1,"minecraft:hopper":1,"minecraft:stone_brick_slab":108,"minecraft:bow":1,"minecraft:iron_boots":1,"minecraft:chest":20,"gobber2:gobber2_pickaxe":1,"minecraft:netherite_upgrade_smithing_template":6,"minecraft:ender_eye":13,"minecraft:stone_bricks":164,"minecraft:oak_fence":12,"minecraft:golden_boots":1,"minecraft:oak_slab":36,"travelersbackpack:iron_tier_upgrade":1,"gobber2:gobber2_ingot_nether":15,"minecraft:crafting_table":9,"minecraft:spruce_planks":212,"minecraft:iron_helmet":2,"minecraft:wooden_pickaxe":2,"minecraft:baked_potato":24,"gobber2:gobber2_gooey_bread":32,"minecraft:birch_planks":44,"minecraft:spruce_trapdoor":2,"minecraft:dark_oak_slab":6,"minecraft:iron_chestplate":2,"minecraft:charcoal":5,"minecraft:diamond_pickaxe":1,"minecraft:shield":2,"minecraft:stick":315,"minecraft:iron_ingot":118,"minecraft:shears":1,"minecraft:leather_boots":2,"minecraft:furnace":5,"minecraft:piston":10,"minecraft:dark_oak_trapdoor":2,"minecraft:oak_trapdoor":24,"minecraft:iron_axe":3,"minecraft:iron_hoe":2,"minecraft:cooked_beef":21,"minecraft:sugar":4,"gobber2:gobber2_sword":2,"minecraft:crimson_planks":8,"minecraft:iron_sword":3,"minecraft:bucket":1,"minecraft:stone_axe":3,"minecraft:bread":40,"minecraft:air":0,"minecraft:oak_boat":1,"minecraft:anvil":2,"minecraft:torch":16},"minecraft:picked_up":{"minecraft:anvil":2,"minecraft:smithing_table":4,"minecraft:diamond_sword":3,"minecraft:enchanted_book":4,"minecraft:birch_button":7,"minecraft:brewing_stand":3,"minecraft:golden_sword":5,"minecraft:amethyst_block":2,"minecraft:string":25,"minecraft:soul_soil":23,"gobber2:gobber2_globette_end":10,"minecraft:gold_nugget":408,"minecraft:cobbled_deepslate":591,"minecraft:spruce_planks":50,"minecraft:golden_helmet":1,"minecraft:purpur_pillar":1,"gobber2:gobber2_gooey_apple":1,"minecraft:stone_sword":1,"minecraft:blaze_rod":32,"minecraft:birch_log":11,"minecraft:magma_block":1,"minecraft:cooked_beef":3,"minecraft:iron_door":1,"travelersbackpack:ocelot":2,"minecraft:flint":6,"gobber2:gobber2_gooey_bread_nether":29,"minecraft:twisting_vines":8,"gobber2:gobber2_globette":137,"minecraft:glowstone_dust":8,"minecraft:chiseled_polished_blackstone":1,"gobber2:gobber2_staff_ensnarement":3,"minecraft:dark_oak_log":42,"minecraft:barrel":6,"minecraft:iron_hoe":1,"minecraft:lever":1,"minecraft:granite":12,"minecraft:diamond_pickaxe":1,"minecraft:crafting_table":36,"gobber2:gobber2_ring_teleport":2,"minecraft:nether_wart":55,"minecraft:clay_ball":24,"minecraft:leather_leggings":1,"minecraft:purpur_block":2,"minecraft:elytra":2,"minecraft:netherite_scrap":12,"minecraft:iron_shovel":4,"minecraft:cracked_stone_bricks":1,"minecraft:beef":32,"gobber2:gobber2_pickaxe_nether":1,"minecraft:poppy":3,"minecraft:chest":6,"minecraft:birch_sapling":4,"minecraft:piston":10,"minecraft:egg":1,"minecraft:stone":179,"minecraft:fire_charge":1,"minecraft:carrot":2,"minecraft:redstone":101,"minecraft:netherite_pickaxe":3,"gobber2:gobber2_arrow_end":5,"gobber2:gobber2_gooey_beef_nether":31,"minecraft:hay_block":11,"minecraft:gold_ingot":28,"minecraft:mutton":33,"minecraft:white_wool":18,"minecraft:rail":4,"gobber2:gobber2_rod_end":9,"minecraft:stripped_oak_log":1,"minecraft:red_mushroom":2,"minecraft:oak_log":389,"gobber2:gobber2_foo_nether":26,"minecraft:blue_bed":5,"minecraft:apple":22,"minecraft:stone_bricks":11,"minecraft:stone_pickaxe":1,"gobber2:gobber2_gooey_beefstew_nether":11,"minecraft:iron_sword":4,"minecraft:dark_oak_slab":2,"minecraft:smooth_basalt":10,"minecraft:sweet_berries":73,"minecraft:gravel":94,"minecraft:spruce_sapling":26,"minecraft:spruce_log":91,"minecraft:crying_obsidian":16,"minecraft:leather_helmet":2,"minecraft:purple_bed":7,"minecraft:stone_axe":2,"minecraft:gray_wool":2,"minecraft:warped_roots":15,"minecraft:baked_potato":1,"minecraft:warped_nylium":9,"gobber2:gobber2_goo_nether":21,"minecraft:hopper":2,"minecraft:ender_pearl":32,"minecraft:shulker_shell":3,"minecraft:wheat":3,"minecraft:nether_brick_fence":11,"minecraft:potion":23,"minecraft:nether_brick":8,"minecraft:raw_copper":27,"travelersbackpack:diamond":2,"universal_graves:grave_compass":1,"minecraft:experience_bottle":9,"minecraft:oak_sign":1,"minecraft:bucket":2,"minecraft:ender_eye":7,"minecraft:calcite":4,"minecraft:furnace":16,"minecraft:stick":148,"minecraft:torch":29,"minecraft:porkchop":33,"gobber2:gobber2_foo_end":7,"minecraft:pointed_dripstone":5,"minecraft:diorite":33,"gobber2:gobber2_foo":12,"minecraft:rotten_flesh":208,"travelersbackpack:chicken":2,"minecraft:obsidian":16,"minecraft:cobblestone":896,"minecraft:leather_chestplate":1,"minecraft:lilac":1,"minecraft:andesite":6,"minecraft:golden_leggings":1,"gobber2:gobber2_glob":1,"minecraft:potato":335,"minecraft:tuff":62,"minecraft:wither_skeleton_skull":3,"minecraft:lapis_lazuli":634,"minecraft:dirt":971,"minecraft:leather_boots":1,"minecraft:glass":79,"minecraft:bone":102,"minecraft:bow":1,"gobber2:gobber2_gooey_beef":26,"minecraft:wheat_seeds":11,"minecraft:raw_gold":13,"minecraft:grindstone":1,"minecraft:fletching_table":4,"minecraft:oak_planks":42,"gobber2:gobber2_gooey_bread":26,"minecraft:ghast_tear":1,"gobber2:gobber2_rod_nether":16,"minecraft:cooked_porkchop":7,"minecraft:sand":120,"minecraft:grass_block":1,"minecraft:spectral_arrow":40,"minecraft:diamond":35,"minecraft:spruce_boat":29,"minecraft:cracked_polished_blackstone_bricks":3,"minecraft:crossbow":1,"minecraft:golden_apple":1,"minecraft:oak_sapling":91,"minecraft:chorus_fruit":3,"minecraft:netherrack":3336,"gobber2:gobber2_goo":14,"minecraft:nether_star":3,"minecraft:end_stone_bricks":4,"minecraft:charcoal":9,"gobber2:gobber2_rod":5,"minecraft:brown_mushroom":10,"minecraft:gold_block":37,"gobber2:gobber2_arrow_nether":17,"minecraft:oak_trapdoor":3,"minecraft:iron_axe":4,"minecraft:blackstone":93,"minecraft:oak_boat":6,"minecraft:light_gray_wool":1,"minecraft:lectern":3,"minecraft:sugar_cane":8,"minecraft:phantom_membrane":2,"minecraft:raw_iron":95,"minecraft:end_stone":6,"minecraft:copper_ingot":8,"minecraft:polished_blackstone_bricks":60,"gobber2:gobber2_arrow":5,"gobber2:gobber2_globette_nether":185,"minecraft:arrow":39,"minecraft:nether_bricks":19,"minecraft:basalt":48,"minecraft:crimson_stem":4,"gobber2:gobber2_ingot":4,"gobber2:gobber2_gooey_beefstew":15,"minecraft:leather":32,"minecraft:birch_planks":19,"minecraft:gunpowder":4,"gobber2:gobber2_pickaxe":1,"minecraft:iron_ingot":24,"minecraft:soul_sand":76,"minecraft:book":134,"minecraft:oak_slab":18,"minecraft:stone_brick_slab":6,"minecraft:quartz":116,"minecraft:dripstone_block":4,"minecraft:blast_furnace":1,"minecraft:white_bed":3,"minecraft:spider_eye":8,"minecraft:black_wool":1,"minecraft:coal":88},"minecraft:mined":{"minecraft:white_bed":4,"minecraft:obsidian":18,"minecraft:granite":40,"minecraft:chiseled_polished_blackstone":1,"minecraft:hopper":2,"minecraft:crimson_fungus":1,"minecraft:oak_wall_sign":1,"minecraft:nether_wart":20,"minecraft:spawner":1,"minecraft:polished_blackstone_bricks":50,"minecraft:magma_block":1,"gobber2:gobber2_ore":12,"minecraft:cobbled_deepslate":11,"minecraft:fire":82,"minecraft:barrel":6,"gobber2:gobber2_ore_nether":84,"minecraft:fletching_table":4,"minecraft:deepslate_lapis_ore":19,"minecraft:dirt_path":13,"minecraft:brown_mushroom":2,"minecraft:crimson_nylium":5,"minecraft:soul_fire":6,"minecraft:powder_snow":1,"minecraft:torch":9,"minecraft:blast_furnace":1,"gobber2:gobber2_lucky_block_nether":140,"minecraft:sugar_cane":2,"minecraft:amethyst_block":2,"minecraft:wheat":3,"minecraft:lilac":1,"minecraft:waxed_copper_block":1,"minecraft:birch_button":1,"minecraft:smooth_basalt":10,"minecraft:piston":10,"minecraft:deepslate":540,"minecraft:end_stone":6,"minecraft:nether_bricks":21,"minecraft:redstone_wire":15,"minecraft:redstone_ore":6,"minecraft:andesite":71,"minecraft:potatoes":66,"minecraft:rail":1,"minecraft:smithing_table":4,"minecraft:oak_slab":10,"minecraft:glass_pane":1,"minecraft:soul_sand":70,"minecraft:stone_brick_slab":5,"minecraft:short_grass":17,"minecraft:purpur_pillar":3,"minecraft:tall_grass":3,"minecraft:copper_ore":11,"minecraft:deepslate_gold_ore":3,"minecraft:diorite":66,"minecraft:warped_wart_block":1,"minecraft:purple_bed":7,"minecraft:spruce_log":3,"minecraft:birch_leaves":3,"minecraft:dripstone_block":5,"minecraft:gravel":64,"minecraft:cobweb":3,"minecraft:stone_bricks":11,"minecraft:gold_ore":3,"minecraft:farmland":1,"minecraft:spruce_planks":6,"minecraft:oak_sapling":10,"minecraft:sculk_vein":24,"minecraft:brewing_stand":3,"minecraft:grass_block":595,"gobber2:gobber2_ore_deepslate":39,"gobber2:gobber2_lucky_block":53,"minecraft:cracked_polished_blackstone_bricks":10,"minecraft:soul_soil":26,"minecraft:tuff_bricks":4,"minecraft:glowstone":4,"minecraft:iron_ore":80,"minecraft:polished_tuff":2,"minecraft:anvil":2,"minecraft:pointed_dripstone":4,"gobber2:gobber2_lucky_block_end":31,"minecraft:end_stone_bricks":4,"minecraft:deepslate_redstone_ore":9,"minecraft:blackstone":37,"minecraft:twisting_vines_plant":3,"minecraft:clay":6,"minecraft:calcite":4,"minecraft:poppy":1,"minecraft:chest":6,"minecraft:nether_quartz_ore":33,"minecraft:cobblestone":39,"minecraft:grindstone":1,"minecraft:oak_planks":20,"minecraft:wall_torch":14,"minecraft:deepslate_copper_ore":7,"minecraft:seagrass":1,"minecraft:warped_nylium":28,"minecraft:dark_oak_slab":2,"minecraft:birch_log":1,"minecraft:purpur_block":1,"minecraft:oak_log":58,"minecraft:sand":123,"minecraft:dirt":345,"minecraft:netherrack":3728,"minecraft:oak_leaves":29,"minecraft:nether_gold_ore":99,"minecraft:tuff":25,"minecraft:deepslate_diamond_ore":18,"minecraft:lever":1,"minecraft:spruce_leaves":12,"minecraft:crimson_stem":4,"minecraft:large_fern":2,"minecraft:hay_block":11,"minecraft:oak_trapdoor":2,"minecraft:furnace":13,"minecraft:gold_block":39,"minecraft:nether_brick_fence":3,"minecraft:bookshelf":42,"minecraft:deepslate_iron_ore":6,"minecraft:stripped_oak_log":1,"minecraft:stone":1124,"minecraft:basalt":65,"minecraft:crafting_table":36,"minecraft:sculk_sensor":2,"minecraft:lectern":3,"minecraft:lapis_ore":31,"minecraft:polished_blackstone_brick_stairs":1,"minecraft:sculk":213,"minecraft:blue_bed":5,"minecraft:birch_planks":10,"gobber2:gobber2_lucky_block_deepslate":50,"minecraft:coal_ore":55,"minecraft:cracked_stone_bricks":1,"minecraft:mossy_stone_bricks":3},"minecraft:dropped":{"minecraft:crimson_stem":2,"minecraft:iron_sword":7,"minecraft:lapis_lazuli":209,"minecraft:cooked_beef":5,"gobber2:gobber2_gooey_beefstew_nether":1,"minecraft:diamond":2,"minecraft:crafting_table":1,"minecraft:cooked_porkchop":24,"minecraft:dark_oak_slab":3,"gobber2:gobber2_sword":1,"minecraft:crossbow":3,"minecraft:warped_roots":15,"minecraft:elytra":1,"minecraft:rail":4,"gobber2:gobber2_gooey_apple":1,"minecraft:leather_helmet":1,"minecraft:red_mushroom":2,"minecraft:emerald":1,"minecraft:gold_block":5,"minecraft:dirt":477,"gobber2:gobber2_goo_nether":7,"minecraft:dark_oak_trapdoor":2,"minecraft:gold_nugget":84,"minecraft:phantom_membrane":2,"minecraft:iron_pickaxe":1,"minecraft:dark_oak_planks":1,"gobber2:gobber2_arrow_nether":4,"minecraft:white_wool":6,"minecraft:bone":3,"minecraft:stone_axe":3,"minecraft:sugar_cane":4,"minecraft:cobbled_deepslate":442,"minecraft:nether_brick":2,"minecraft:birch_sapling":4,"minecraft:obsidian":40,"minecraft:rotten_flesh":188,"universal_graves:grave_compass":1,"minecraft:oak_planks":36,"minecraft:end_stone":6,"minecraft:glowstone_dust":3,"gobber2:gobber2_gooey_beefstew":3,"minecraft:charcoal":6,"minecraft:leather_boots":3,"minecraft:end_stone_bricks":4,"minecraft:glass":2,"minecraft:crying_obsidian":1,"minecraft:iron_ingot":1,"minecraft:crimson_planks":8,"minecraft:enchanted_book":11,"minecraft:golden_boots":1,"minecraft:netherite_pickaxe":3,"minecraft:wheat_seeds":5,"minecraft:dripstone_block":3,"travelersbackpack:chicken":1,"minecraft:iron_helmet":1,"minecraft:cobblestone":328,"minecraft:book":13,"minecraft:apple":22,"minecraft:granite":11,"minecraft:coal":10,"gobber2:gobber2_ring_teleport":2,"minecraft:diamond_helmet":1,"minecraft:potion":13,"minecraft:iron_shovel":4,"minecraft:string":6,"minecraft:furnace":4,"minecraft:purpur_pillar":1,"minecraft:soul_soil":11,"gobber2:gobber2_gooey_beef":4,"minecraft:experience_bottle":2,"minecraft:clay_ball":24,"minecraft:iron_boots":1,"minecraft:nether_bricks":7,"minecraft:oak_sign":2,"gobber2:gobber2_globette":9,"minecraft:diamond_sword":3,"minecraft:potato":177,"minecraft:spruce_boat":1,"minecraft:stone":10,"minecraft:spruce_planks":103,"gobber2:gobber2_gooey_beef_nether":2,"gobber2:gobber2_pickaxe":2,"minecraft:spider_eye":4,"minecraft:stone_bricks":2,"minecraft:magma_block":1,"minecraft:soul_sand":10,"minecraft:brown_mushroom":3,"minecraft:birch_planks":17,"minecraft:oak_log":6,"minecraft:baked_potato":3,"minecraft:leather":2,"minecraft:birch_slab":2,"gobber2:gobber2_arrow":3,"gobber2:gobber2_gooey_bread_nether":2,"minecraft:polished_blackstone_bricks":34,"gobber2:gobber2_gooey_bread":16,"minecraft:gold_ingot":75,"minecraft:gravel":71,"travelersbackpack:ocelot":1,"minecraft:purpur_block":2,"minecraft:blackstone":80,"minecraft:twisting_vines":8,"minecraft:pointed_dripstone":5,"gobber2:gobber2_foo_nether":4,"gobber2:gobber2_staff_ensnarement":2,"minecraft:poppy":3,"minecraft:leather_chestplate":1,"minecraft:chest":1,"gobber2:gobber2_glob":1,"minecraft:basalt":43,"minecraft:arrow":13,"minecraft:quartz":91,"minecraft:netherrack":2047,"minecraft:oak_slab":26,"minecraft:golden_helmet":2,"minecraft:lilac":1,"minecraft:diamond_leggings":1,"minecraft:amethyst_block":2,"minecraft:copper_ingot":35,"minecraft:grass_block":1,"minecraft:stick":69,"minecraft:diorite":33,"minecraft:torch":2,"minecraft:iron_door":1,"minecraft:iron_leggings":1,"minecraft:iron_axe":4,"minecraft:bucket":2,"minecraft:smooth_basalt":10,"minecraft:redstone":8,"minecraft:sweet_berries":18,"minecraft:warped_nylium":8,"travelersbackpack:diamond":1,"minecraft:oak_trapdoor":2,"minecraft:blaze_rod":3,"minecraft:tuff":62,"minecraft:iron_hoe":2,"minecraft:shield":2,"minecraft:iron_chestplate":2,"minecraft:andesite":6,"minecraft:purple_bed":1,"minecraft:golden_leggings":1,"minecraft:oak_sapling":88,"minecraft:golden_sword":5,"minecraft:spruce_log":33,"minecraft:stone_pickaxe":3,"minecraft:calcite":4},"minecraft:killed":{"minecraft:shulker":4,"minecraft:skeleton":34,"minecraft:chicken":1,"minecraft:magma_cube":5,"minecraft:iron_golem":3,"minecraft:ender_dragon":1,"minecraft:zombie":321,"minecraft:cow":18,"minecraft:enderman":51,"minecraft:zombified_piglin":38,"minecraft:spider":10,"minecraft:wither":2,"minecraft:piglin_brute":9,"minecraft:piglin":28,"minecraft:pig":15,"minecraft:creeper":4,"minecraft:sheep":22,"minecraft:ghast":11,"minecraft:blaze":55,"minecraft:phantom":2,"minecraft:hoglin":2,"minecraft:wither_skeleton":11,"minecraft:player":1,"minecraft:villager":2},"minecraft:custom":{"minecraft:interact_with_crafting_table":157,"minecraft:open_barrel":7,"minecraft:leave_game":6,"minecraft:time_since_death":69313,"minecraft:damage_blocked_by_shield":2513,"minecraft:play_time":958344,"minecraft:deaths":14,"minecraft:jump":19115,"minecraft:enchant_item":43,"minecraft:interact_with_furnace":132,"minecraft:traded_with_villager":12,"minecraft:sleep_in_bed":18,"minecraft:damage_dealt":102730,"minecraft:interact_with_smoker":3,"minecraft:interact_with_smithing_table":7,"minecraft:interact_with_anvil":21,"minecraft:inspect_hopper":2,"minecraft:sneak_time":65899,"minecraft:interact_with_blast_furnace":9,"minecraft:total_world_time":958344,"minecraft:time_since_rest":69377,"minecraft:swim_one_cm":111154,"minecraft:fly_one_cm":3091062,"minecraft:open_chest":302,"minecraft:fall_one_cm":525061,"minecraft:sprint_one_cm":2126357,"minecraft:drop":591,"minecraft:talked_to_villager":38,"minecraft:interact_with_brewingstand":16,"minecraft:walk_on_water_one_cm":64524,"minecraft:open_enderchest":1,"minecraft:player_kills":1,"minecraft:crouch_one_cm":224919,"minecraft:mob_kills":690,"minecraft:climb_one_cm":3258,"minecraft:walk_one_cm":1767130,"minecraft:walk_under_water_one_cm":35818,"minecraft:boat_one_cm":194814,"minecraft:interact_with_grindstone":14,"minecraft:damage_taken":21594,"minecraft:aviate_one_cm":245734},"minecraft:used":{"minecraft:nether_brick_fence":3,"minecraft:elytra":10,"minecraft:chest":23,"minecraft:stone":5,"travelersbackpack:diamond":3,"gobber2:gobber2_goo_nether":2,"minecraft:soul_sand":48,"minecraft:spruce_boat":28,"minecraft:lava_bucket":14,"minecraft:dark_oak_slab":5,"minecraft:bow":217,"minecraft:sweet_berries":61,"minecraft:furnace":15,"minecraft:oak_sapling":2,"minecraft:egg":1,"minecraft:potato":147,"gobber2:gobber2_pickaxe":1746,"minecraft:blackstone":13,"minecraft:wooden_pickaxe":13,"minecraft:composter":3,"gobber2:gobber2_ring_teleport":18,"minecraft:blast_furnace":1,"gobber2:gobber2_gooey_beefstew":11,"minecraft:crying_obsidian":18,"minecraft:lectern":5,"minecraft:diamond_sword":82,"gobber2:gobber2_staff_stars":12,"minecraft:smithing_table":5,"minecraft:oak_boat":7,"gobber2:gobber2_chestplate":10,"minecraft:oak_trapdoor":25,"minecraft:enchanting_table":1,"gobber2:gobber2_pickaxe_nether":6,"minecraft:netherrack":1486,"minecraft:torch":40,"minecraft:brewing_stand":2,"minecraft:anvil":4,"minecraft:iron_axe":289,"travelersbackpack:squid":1,"minecraft:barrel":6,"gobber2:gobber2_staff_ensnarement":57,"minecraft:basalt":5,"minecraft:glowstone":1,"minecraft:cobbled_deepslate":211,"minecraft:wheat_seeds":3,"minecraft:water_bucket":98,"minecraft:birch_planks":22,"minecraft:fletching_table":7,"minecraft:polished_blackstone_bricks":26,"minecraft:cracked_stone_bricks":1,"minecraft:oak_slab":9,"minecraft:crafting_table":42,"travelersbackpack:chicken":1,"minecraft:white_bed":7,"minecraft:oak_log":168,"minecraft:ender_eye":20,"minecraft:diamond_pickaxe":2320,"minecraft:diamond_shovel":1175,"minecraft:iron_pickaxe":799,"minecraft:spruce_trapdoor":2,"minecraft:spruce_sapling":17,"minecraft:cobblestone":342,"minecraft:potion":2,"minecraft:purple_bed":6,"minecraft:cooked_porkchop":16,"minecraft:porkchop":3,"gobber2:gobber2_gooey_beef_nether":29,"gobber2:gobber2_goo":4,"minecraft:iron_shovel":3,"minecraft:oak_sign":11,"gobber2:gobber2_gooey_bread":40,"minecraft:shield":76,"minecraft:iron_sword":415,"minecraft:nether_wart":18,"minecraft:iron_chestplate":1,"minecraft:mutton":2,"minecraft:nether_bricks":12,"minecraft:obsidian":33,"minecraft:glass":87,"minecraft:warped_nylium":1,"minecraft:iron_helmet":1,"minecraft:stone_bricks":119,"minecraft:birch_button":7,"minecraft:chiseled_polished_blackstone":1,"minecraft:wither_skeleton_skull":3,"minecraft:stone_pickaxe":351,"minecraft:oak_planks":321,"minecraft:ender_pearl":19,"minecraft:blue_bed":4,"minecraft:crossbow":26,"minecraft:dripstone_block":1,"gobber2:gobber2_gooey_bread_nether":27,"minecraft:lever":11,"minecraft:dark_oak_log":10,"minecraft:bread":13,"minecraft:gravel":23,"minecraft:golden_helmet":1,"minecraft:grindstone":1,"minecraft:bone_meal":108,"minecraft:experience_bottle":1,"minecraft:oak_fence":12,"minecraft:flint_and_steel":4,"minecraft:redstone":35,"minecraft:spruce_planks":79,"minecraft:dirt":517,"minecraft:hopper":3,"minecraft:granite":1,"minecraft:iron_hoe":409,"minecraft:stone_brick_slab":114,"minecraft:dark_oak_planks":37,"minecraft:bookshelf":15,"gobber2:gobber2_gooey_beef":21,"gobber2:gobber2_sword":500,"travelersbackpack:ocelot":14,"minecraft:soul_soil":12,"minecraft:netherite_pickaxe":1713,"minecraft:cooked_beef":19,"minecraft:iron_leggings":1,"minecraft:cooked_mutton":27,"minecraft:glass_bottle":13,"minecraft:baked_potato":21,"minecraft:piston":20,"gobber2:gobber2_gooey_beefstew_nether":9,"minecraft:golden_leggings":1,"minecraft:stone_axe":115,"minecraft:bucket":118,"minecraft:splash_potion":3},"minecraft:killed_by":{"minecraft:piglin_brute":1,"minecraft:wither_skeleton":1,"minecraft:creeper":2,"minecraft:piglin":2}},"DataVersion":3953}