{"stats":{"minecraft:dropped":{"minecraft:crimson_stem":2,"minecraft:iron_sword":2,"minecraft:soul_sand":9,"minecraft:brown_mushroom":3,"minecraft:lapis_lazuli":70,"minecraft:cooked_beef":5,"minecraft:oak_log":4,"minecraft:baked_potato":3,"minecraft:crafting_table":1,"minecraft:cooked_porkchop":19,"minecraft:warped_roots":9,"minecraft:rail":4,"gobber2:gobber2_gooey_apple":1,"gobber2:gobber2_arrow":3,"gobber2:gobber2_gooey_bread_nether":2,"gobber2:gobber2_goo_nether":7,"minecraft:dark_oak_trapdoor":2,"minecraft:gold_nugget":4,"minecraft:polished_blackstone_bricks":1,"minecraft:dark_oak_planks":1,"gobber2:gobber2_arrow_nether":4,"gobber2:gobber2_gooey_bread":3,"minecraft:gold_ingot":27,"minecraft:bone":1,"minecraft:gravel":13,"minecraft:stone_axe":3,"minecraft:blackstone":48,"minecraft:sugar_cane":4,"minecraft:cobbled_deepslate":188,"minecraft:nether_brick":2,"minecraft:obsidian":32,"minecraft:rotten_flesh":18,"universal_graves:grave_compass":1,"minecraft:oak_planks":1,"gobber2:gobber2_gooey_beefstew":3,"gobber2:gobber2_foo_nether":4,"minecraft:leather_chestplate":1,"minecraft:charcoal":6,"minecraft:leather_boots":3,"minecraft:chest":1,"minecraft:basalt":24,"minecraft:arrow":9,"minecraft:quartz":72,"minecraft:netherrack":213,"minecraft:crimson_planks":8,"minecraft:golden_boots":1,"minecraft:enchanted_book":1,"minecraft:wheat_seeds":5,"minecraft:dripstone_block":1,"minecraft:cobblestone":167,"minecraft:book":1,"minecraft:amethyst_block":2,"minecraft:apple":2,"minecraft:granite":1,"minecraft:diorite":33,"gobber2:gobber2_ring_teleport":1,"minecraft:iron_door":1,"minecraft:iron_axe":1,"minecraft:string":4,"minecraft:bucket":2,"minecraft:smooth_basalt":2,"minecraft:furnace":3,"minecraft:sweet_berries":18,"minecraft:warped_nylium":1,"minecraft:soul_soil":11,"travelersbackpack:diamond":1,"minecraft:tuff":8,"minecraft:experience_bottle":2,"minecraft:iron_hoe":2,"minecraft:spruce_boat":1,"minecraft:shield":1,"minecraft:spruce_planks":97,"minecraft:iron_chestplate":1,"minecraft:andesite":1,"minecraft:purple_bed":1,"minecraft:golden_leggings":1,"gobber2:gobber2_gooey_beef_nether":2,"minecraft:oak_sapling":28,"minecraft:spider_eye":2,"minecraft:spruce_log":25,"minecraft:stone_pickaxe":3,"minecraft:calcite":4},"minecraft:crafted":{"minecraft:oak_planks":264,"minecraft:blaze_powder":8,"travelersbackpack:diamond":1,"minecraft:bookshelf":15,"minecraft:cooked_mutton":27,"minecraft:glass":30,"minecraft:hopper":1,"minecraft:iron_boots":1,"minecraft:chest":8,"minecraft:ender_eye":7,"minecraft:golden_boots":1,"minecraft:glass_bottle":30,"travelersbackpack:iron_tier_upgrade":1,"minecraft:cooked_porkchop":30,"minecraft:crafting_table":6,"minecraft:spruce_planks":144,"minecraft:baked_potato":24,"minecraft:wooden_pickaxe":2,"minecraft:iron_helmet":2,"gobber2:gobber2_gooey_bread":32,"minecraft:spruce_trapdoor":2,"minecraft:dark_oak_slab":6,"minecraft:iron_chestplate":2,"minecraft:charcoal":5,"minecraft:diamond_pickaxe":1,"minecraft:golden_leggings":1,"minecraft:shield":2,"minecraft:stick":20,"minecraft:iron_pickaxe":3,"minecraft:iron_ingot":100,"minecraft:iron_block":3,"minecraft:gold_ingot":42,"minecraft:shears":1,"minecraft:leather_boots":2,"minecraft:furnace":3,"minecraft:dark_oak_trapdoor":2,"minecraft:iron_axe":3,"minecraft:iron_hoe":1,"minecraft:stone_pickaxe":4,"minecraft:spruce_boat":2,"minecraft:dark_oak_planks":128,"minecraft:wheat":99,"minecraft:cooked_beef":21,"minecraft:crimson_planks":8,"minecraft:enchanting_table":1,"minecraft:iron_sword":1,"minecraft:bucket":1,"minecraft:stone_axe":3,"minecraft:bread":40,"minecraft:air":0,"minecraft:oak_boat":1,"minecraft:iron_leggings":1,"minecraft:anvil":1,"minecraft:torch":16},"minecraft:broken":{"minecraft:golden_leggings":1,"minecraft:stone_pickaxe":2,"minecraft:stone_axe":2,"minecraft:bow":1,"minecraft:iron_axe":1,"minecraft:iron_pickaxe":2},"minecraft:killed":{"minecraft:spider":2,"minecraft:skeleton":21,"minecraft:chicken":1,"minecraft:piglin_brute":1,"minecraft:piglin":14,"minecraft:pig":15,"minecraft:creeper":2,"minecraft:sheep":22,"minecraft:zombie":30,"minecraft:ghast":4,"minecraft:cow":18,"minecraft:blaze":8,"minecraft:wither_skeleton":2,"minecraft:player":1,"minecraft:enderman":16},"minecraft:used":{"gobber2:gobber2_goo":4,"gobber2:gobber2_gooey_bread":11,"minecraft:chest":9,"minecraft:shield":57,"minecraft:iron_sword":200,"travelersbackpack:diamond":3,"minecraft:iron_chestplate":1,"gobber2:gobber2_goo_nether":2,"minecraft:soul_sand":12,"minecraft:mutton":2,"minecraft:nether_bricks":3,"minecraft:obsidian":25,"minecraft:spruce_boat":19,"minecraft:lava_bucket":14,"minecraft:warped_nylium":1,"minecraft:iron_helmet":1,"minecraft:dark_oak_slab":3,"minecraft:bow":31,"minecraft:sweet_berries":61,"minecraft:oak_sapling":1,"minecraft:furnace":12,"minecraft:egg":1,"minecraft:chiseled_polished_blackstone":1,"minecraft:oak_planks":169,"minecraft:stone_pickaxe":351,"minecraft:ender_pearl":2,"minecraft:blackstone":13,"minecraft:wooden_pickaxe":13,"minecraft:blue_bed":4,"gobber2:gobber2_ring_teleport":4,"minecraft:crossbow":26,"minecraft:dripstone_block":1,"gobber2:gobber2_gooey_bread_nether":6,"gobber2:gobber2_gooey_beefstew":3,"minecraft:crying_obsidian":14,"minecraft:dark_oak_log":10,"minecraft:bread":9,"minecraft:gravel":23,"minecraft:oak_boat":7,"minecraft:experience_bottle":1,"minecraft:enchanting_table":1,"minecraft:flint_and_steel":1,"minecraft:spruce_planks":79,"minecraft:netherrack":501,"minecraft:torch":24,"minecraft:dirt":61,"minecraft:anvil":1,"minecraft:hopper":3,"minecraft:iron_hoe":231,"minecraft:dark_oak_planks":37,"minecraft:bookshelf":15,"minecraft:iron_axe":131,"minecraft:basalt":3,"minecraft:soul_soil":12,"minecraft:cooked_beef":19,"minecraft:cobbled_deepslate":197,"minecraft:iron_leggings":1,"minecraft:wheat_seeds":3,"minecraft:cooked_mutton":27,"minecraft:water_bucket":65,"minecraft:baked_potato":21,"minecraft:cracked_stone_bricks":1,"minecraft:crafting_table":31,"minecraft:ender_eye":14,"minecraft:diamond_pickaxe":1481,"minecraft:diamond_shovel":229,"minecraft:iron_pickaxe":601,"minecraft:spruce_trapdoor":2,"minecraft:spruce_sapling":17,"gobber2:gobber2_gooey_beefstew_nether":1,"minecraft:golden_leggings":1,"minecraft:stone_axe":115,"minecraft:cobblestone":233,"minecraft:purple_bed":5,"minecraft:porkchop":3,"minecraft:cooked_porkchop":15,"minecraft:bucket":85,"gobber2:gobber2_gooey_beef_nether":5},"minecraft:killed_by":{"minecraft:wither_skeleton":1,"minecraft:creeper":2,"minecraft:piglin":2},"minecraft:custom":{"minecraft:interact_with_crafting_table":83,"minecraft:open_barrel":4,"minecraft:leave_game":2,"minecraft:time_since_death":125069,"minecraft:sprint_one_cm":976690,"minecraft:damage_blocked_by_shield":1853,"minecraft:drop":210,"minecraft:talked_to_villager":3,"minecraft:play_time":418140,"minecraft:deaths":12,"minecraft:jump":8802,"minecraft:walk_on_water_one_cm":39866,"minecraft:enchant_item":7,"minecraft:interact_with_furnace":98,"minecraft:traded_with_villager":1,"minecraft:sleep_in_bed":10,"minecraft:damage_dealt":23878,"minecraft:player_kills":1,"minecraft:crouch_one_cm":93584,"minecraft:interact_with_smithing_table":2,"minecraft:interact_with_anvil":5,"minecraft:mob_kills":156,"minecraft:climb_one_cm":270,"minecraft:walk_one_cm":729323,"minecraft:sneak_time":27950,"minecraft:walk_under_water_one_cm":15983,"minecraft:boat_one_cm":194471,"minecraft:interact_with_blast_furnace":4,"minecraft:total_world_time":418140,"minecraft:time_since_rest":35093,"minecraft:damage_taken":11916,"minecraft:swim_one_cm":84471,"minecraft:fly_one_cm":1471043,"minecraft:open_chest":64,"minecraft:fall_one_cm":240634},"minecraft:picked_up":{"minecraft:wheat":3,"minecraft:enchanted_book":2,"minecraft:nether_brick":8,"minecraft:amethyst_block":2,"minecraft:string":6,"minecraft:soul_soil":23,"travelersbackpack:diamond":2,"universal_graves:grave_compass":1,"minecraft:experience_bottle":9,"minecraft:gold_nugget":256,"minecraft:cobbled_deepslate":358,"minecraft:bucket":2,"minecraft:spruce_planks":44,"minecraft:ender_eye":7,"minecraft:calcite":4,"minecraft:furnace":12,"minecraft:stick":52,"minecraft:torch":14,"minecraft:porkchop":33,"minecraft:diorite":33,"gobber2:gobber2_foo":5,"gobber2:gobber2_gooey_apple":1,"minecraft:rotten_flesh":18,"minecraft:blaze_rod":4,"minecraft:obsidian":5,"minecraft:cobblestone":675,"minecraft:leather_chestplate":1,"minecraft:cooked_beef":3,"minecraft:iron_door":1,"minecraft:andesite":1,"minecraft:golden_leggings":1,"minecraft:tuff":26,"gobber2:gobber2_gooey_bread_nether":9,"minecraft:lapis_lazuli":196,"minecraft:dirt":193,"minecraft:leather_boots":1,"minecraft:bone":30,"minecraft:bow":1,"gobber2:gobber2_gooey_beef":9,"minecraft:wheat_seeds":10,"minecraft:raw_gold":5,"minecraft:oak_planks":9,"gobber2:gobber2_gooey_bread":12,"gobber2:gobber2_rod_nether":7,"minecraft:chiseled_polished_blackstone":1,"minecraft:cooked_porkchop":4,"minecraft:sand":31,"minecraft:spectral_arrow":29,"minecraft:dark_oak_log":42,"minecraft:iron_hoe":1,"minecraft:diamond":7,"minecraft:spruce_boat":20,"minecraft:granite":1,"minecraft:oak_sapling":36,"minecraft:netherrack":546,"gobber2:gobber2_goo":11,"minecraft:diamond_pickaxe":1,"minecraft:charcoal":9,"minecraft:crafting_table":26,"gobber2:gobber2_ring_teleport":1,"minecraft:clay_ball":24,"minecraft:brown_mushroom":3,"minecraft:gold_block":18,"gobber2:gobber2_arrow_nether":9,"minecraft:iron_axe":1,"minecraft:blackstone":61,"minecraft:cracked_stone_bricks":1,"minecraft:beef":32,"minecraft:oak_boat":6,"minecraft:light_gray_wool":1,"minecraft:sugar_cane":8,"minecraft:chest":3,"minecraft:egg":1,"minecraft:raw_iron":95,"minecraft:fire_charge":1,"minecraft:polished_blackstone_bricks":1,"minecraft:redstone":10,"gobber2:gobber2_arrow":3,"minecraft:arrow":21,"minecraft:nether_bricks":3,"gobber2:gobber2_gooey_beef_nether":7,"minecraft:hay_block":11,"minecraft:gold_ingot":8,"minecraft:mutton":33,"minecraft:rail":4,"minecraft:white_wool":18,"minecraft:basalt":27,"minecraft:crimson_stem":4,"gobber2:gobber2_gooey_beefstew":8,"minecraft:leather":30,"minecraft:oak_log":70,"minecraft:gunpowder":3,"gobber2:gobber2_foo_nether":16,"minecraft:blue_bed":5,"minecraft:apple":5,"minecraft:stone_pickaxe":1,"gobber2:gobber2_gooey_beefstew_nether":1,"minecraft:soul_sand":21,"minecraft:iron_sword":2,"minecraft:book":124,"minecraft:dark_oak_slab":1,"minecraft:smooth_basalt":2,"minecraft:sweet_berries":73,"minecraft:quartz":95,"minecraft:dripstone_block":2,"minecraft:gravel":36,"minecraft:spruce_sapling":26,"minecraft:spruce_log":91,"minecraft:crying_obsidian":16,"minecraft:spider_eye":2,"minecraft:purple_bed":6,"minecraft:stone_axe":2,"minecraft:gray_wool":2,"minecraft:warped_roots":9,"minecraft:black_wool":1,"minecraft:warped_nylium":2,"minecraft:coal":56,"gobber2:gobber2_goo_nether":10,"minecraft:hopper":2,"minecraft:ender_pearl":9},"minecraft:mined":{"minecraft:oak_sapling":4,"minecraft:sculk_vein":23,"minecraft:obsidian":4,"minecraft:granite":33,"minecraft:chiseled_polished_blackstone":1,"minecraft:grass_block":106,"gobber2:gobber2_lucky_block":22,"minecraft:cracked_polished_blackstone_bricks":4,"minecraft:soul_soil":26,"minecraft:hopper":2,"minecraft:crimson_fungus":1,"minecraft:spawner":1,"minecraft:polished_blackstone_bricks":22,"minecraft:iron_ore":79,"minecraft:cobbled_deepslate":5,"minecraft:fire":23,"minecraft:deepslate_lapis_ore":8,"minecraft:pointed_dripstone":4,"minecraft:dirt_path":4,"minecraft:deepslate_redstone_ore":2,"minecraft:brown_mushroom":2,"minecraft:blackstone":25,"minecraft:twisting_vines_plant":1,"minecraft:soul_fire":6,"minecraft:powder_snow":1,"minecraft:clay":6,"minecraft:torch":1,"minecraft:calcite":4,"gobber2:gobber2_lucky_block_nether":44,"minecraft:chest":3,"minecraft:nether_quartz_ore":10,"minecraft:cobblestone":17,"minecraft:sugar_cane":2,"minecraft:oak_planks":8,"minecraft:wall_torch":10,"minecraft:amethyst_block":2,"minecraft:seagrass":1,"minecraft:warped_nylium":2,"minecraft:dark_oak_slab":1,"minecraft:wheat":3,"minecraft:oak_log":5,"minecraft:sand":31,"minecraft:dirt":98,"minecraft:smooth_basalt":2,"minecraft:netherrack":534,"minecraft:oak_leaves":29,"minecraft:deepslate":392,"minecraft:nether_gold_ore":64,"minecraft:tuff":23,"minecraft:deepslate_diamond_ore":7,"minecraft:nether_bricks":3,"minecraft:spruce_leaves":11,"minecraft:crimson_stem":4,"minecraft:large_fern":2,"minecraft:hay_block":11,"minecraft:furnace":9,"minecraft:andesite":54,"minecraft:gold_block":18,"minecraft:bookshelf":41,"minecraft:deepslate_iron_ore":6,"minecraft:rail":1,"minecraft:stone":794,"minecraft:glass_pane":1,"minecraft:soul_sand":16,"minecraft:basalt":40,"minecraft:crafting_table":26,"minecraft:short_grass":4,"minecraft:sculk_sensor":2,"minecraft:tall_grass":3,"minecraft:copper_ore":11,"minecraft:lapis_ore":9,"minecraft:polished_blackstone_brick_stairs":1,"minecraft:sculk":213,"minecraft:diorite":66,"minecraft:blue_bed":5,"minecraft:warped_wart_block":1,"minecraft:purple_bed":5,"minecraft:spruce_log":3,"minecraft:birch_leaves":2,"gobber2:gobber2_lucky_block_deepslate":21,"minecraft:coal_ore":45,"minecraft:gravel":1,"minecraft:dripstone_block":3,"minecraft:cobweb":3,"minecraft:cracked_stone_bricks":1,"minecraft:stone_bricks":1,"minecraft:mossy_stone_bricks":3,"minecraft:gold_ore":3}},"DataVersion":3953}