{"stats":{"minecraft:crafted":{"minecraft:oak_planks":168,"minecraft:birch_boat":2,"minecraft:blaze_powder":12,"minecraft:bookshelf":9,"minecraft:cooked_mutton":22,"minecraft:warped_planks":56,"minecraft:glass":117,"minecraft:hopper":1,"minecraft:bow":1,"minecraft:iron_boots":5,"minecraft:chest":13,"minecraft:ender_eye":12,"minecraft:golden_boots":1,"minecraft:oak_slab":6,"minecraft:cooked_porkchop":6,"minecraft:crafting_table":9,"minecraft:spruce_planks":76,"minecraft:iron_helmet":4,"minecraft:wooden_pickaxe":4,"minecraft:baked_potato":220,"minecraft:birch_planks":24,"minecraft:iron_chestplate":4,"minecraft:book":4,"minecraft:paper":12,"minecraft:diamond_pickaxe":1,"minecraft:golden_leggings":1,"minecraft:shield":5,"minecraft:stick":88,"minecraft:iron_ingot":48,"minecraft:iron_pickaxe":11,"minecraft:iron_block":3,"minecraft:gold_ingot":96,"minecraft:composter":2,"minecraft:leather_boots":1,"minecraft:furnace":5,"minecraft:jungle_trapdoor":4,"minecraft:flint_and_steel":1,"minecraft:iron_axe":5,"minecraft:iron_hoe":2,"minecraft:stone_pickaxe":4,"minecraft:spruce_boat":1,"minecraft:golden_helmet":1,"minecraft:wheat":513,"minecraft:cooked_beef":23,"minecraft:diamond_sword":1,"minecraft:enchanting_table":1,"minecraft:iron_sword":4,"minecraft:bucket":1,"minecraft:stone_axe":4,"minecraft:glowstone":3,"minecraft:jungle_slab":18,"minecraft:air":0,"minecraft:bread":182,"minecraft:jungle_planks":148,"minecraft:oak_boat":1,"minecraft:iron_shovel":2,"minecraft:iron_leggings":4,"minecraft:anvil":1,"minecraft:white_bed":1,"minecraft:torch":24,"minecraft:diamond_chestplate":1},"minecraft:picked_up":{"minecraft:seagrass":1,"minecraft:iron_chestplate":30,"minecraft:wheat":34,"minecraft:potion":5,"minecraft:enchanted_book":3,"minecraft:gilded_blackstone":5,"minecraft:nether_brick":60,"minecraft:amethyst_block":38,"minecraft:polished_blackstone_brick_stairs":1,"minecraft:string":48,"minecraft:soul_soil":26,"minecraft:raw_copper":6,"minecraft:iron_leggings":15,"minecraft:oak_sign":2,"minecraft:diamond_leggings":14,"minecraft:gold_nugget":769,"minecraft:cobbled_deepslate":376,"minecraft:bucket":5,"minecraft:spruce_planks":187,"minecraft:cobblestone_slab":1,"minecraft:ender_eye":5,"minecraft:iron_pickaxe":39,"minecraft:iron_boots":32,"minecraft:furnace":7,"minecraft:golden_helmet":3,"minecraft:stick":77,"minecraft:composter":2,"minecraft:torch":91,"minecraft:porkchop":25,"minecraft:golden_axe":2,"minecraft:pointed_dripstone":2,"minecraft:diorite":16,"minecraft:warped_planks":1,"minecraft:golden_chestplate":1,"minecraft:orange_bed":2,"minecraft:rotten_flesh":117,"minecraft:armadillo_scute":2,"minecraft:glowstone":16,"minecraft:blaze_rod":14,"minecraft:obsidian":60,"minecraft:cobblestone":1423,"minecraft:birch_log":6,"minecraft:magma_block":2,"minecraft:andesite":50,"minecraft:feather":7,"minecraft:cooked_beef":4,"minecraft:magma_cream":21,"minecraft:iron_door":2,"minecraft:water_bucket":3,"minecraft:jungle_log":30,"minecraft:golden_leggings":1,"minecraft:smoker":2,"minecraft:potato":435,"minecraft:flint":3,"minecraft:tuff":18,"minecraft:acacia_boat":9,"minecraft:lapis_lazuli":247,"minecraft:dirt":406,"minecraft:glass":8,"minecraft:bone":72,"minecraft:acacia_planks":2,"minecraft:bow":10,"minecraft:wheat_seeds":132,"minecraft:raw_gold":2,"minecraft:mossy_stone_bricks":2,"minecraft:diamond_helmet":14,"minecraft:glowstone_dust":50,"minecraft:oak_planks":17,"minecraft:ghast_tear":7,"minecraft:cooked_porkchop":3,"minecraft:warped_wart_block":2,"minecraft:poisonous_potato":7,"minecraft:sand":63,"minecraft:jungle_planks":79,"minecraft:jungle_slab":20,"minecraft:spectral_arrow":355,"minecraft:mossy_cobblestone":69,"minecraft:iron_hoe":9,"minecraft:snout_armor_trim_smithing_template":2,"minecraft:diamond":14,"minecraft:spruce_boat":1,"minecraft:cracked_polished_blackstone_bricks":59,"minecraft:crossbow":8,"minecraft:emerald":15,"minecraft:bread":381,"minecraft:piglin_banner_pattern":2,"minecraft:oak_sapling":1,"minecraft:netherrack":1279,"minecraft:crimson_roots":3,"minecraft:diamond_pickaxe":1,"minecraft:crafting_table":64,"minecraft:ominous_bottle":1,"minecraft:splash_potion":4,"minecraft:chicken":6,"minecraft:nether_wart":12,"minecraft:brown_mushroom":3,"minecraft:wooden_pickaxe":3,"minecraft:gold_block":10,"minecraft:diamond_horse_armor":2,"minecraft:shield":26,"minecraft:jungle_trapdoor":8,"minecraft:red_bed":3,"minecraft:iron_axe":32,"minecraft:flint_and_steel":2,"minecraft:iron_shovel":5,"minecraft:blackstone":177,"minecraft:cracked_stone_bricks":1,"minecraft:beef":50,"minecraft:oak_boat":38,"minecraft:poppy":4,"minecraft:sugar_cane":297,"minecraft:chest":5,"minecraft:phantom_membrane":2,"minecraft:egg":2,"minecraft:raw_iron":43,"minecraft:copper_ingot":2,"minecraft:fire_charge":27,"minecraft:polished_blackstone_bricks":87,"minecraft:redstone":75,"minecraft:arrow":77,"minecraft:diamond_chestplate":2,"minecraft:nether_bricks":21,"minecraft:hay_block":90,"minecraft:saddle":7,"minecraft:gold_ingot":113,"minecraft:totem_of_undying":3,"minecraft:mutton":31,"minecraft:bone_block":16,"minecraft:white_wool":47,"minecraft:jungle_boat":1,"minecraft:basalt":47,"minecraft:golden_carrot":140,"minecraft:crimson_stem":1,"minecraft:leather":81,"minecraft:birch_planks":3,"minecraft:oak_log":47,"minecraft:golden_boots":1,"minecraft:gunpowder":9,"minecraft:white_banner":10,"minecraft:cooked_mutton":46,"minecraft:apple":2,"minecraft:stone_bricks":8,"minecraft:kelp":7,"minecraft:warped_stem":14,"minecraft:iron_ingot":465,"minecraft:stone_pickaxe":4,"minecraft:cooked_chicken":5,"minecraft:glass_bottle":1,"minecraft:iron_sword":38,"minecraft:soul_sand":165,"minecraft:book":75,"minecraft:oak_slab":1,"minecraft:warped_fungus":2,"minecraft:birch_boat":3,"minecraft:sweet_berries":6,"minecraft:quartz":117,"minecraft:dandelion":2,"minecraft:gravel":202,"minecraft:lava_bucket":1,"minecraft:spruce_sapling":1,"minecraft:white_bed":9,"minecraft:spruce_log":14,"minecraft:crying_obsidian":29,"minecraft:spider_eye":2,"minecraft:diamond_shovel":12,"minecraft:purple_bed":4,"minecraft:stone_axe":3,"minecraft:iron_helmet":15,"minecraft:gray_wool":1,"minecraft:warped_roots":10,"minecraft:oak_button":7,"minecraft:baked_potato":495,"minecraft:warped_nylium":6,"minecraft:coal":244,"minecraft:ender_pearl":32},"minecraft:custom":{"minecraft:interact_with_crafting_table":115,"minecraft:open_barrel":24,"minecraft:leave_game":15,"minecraft:time_since_death":20660,"minecraft:sprint_one_cm":1592073,"minecraft:damage_blocked_by_shield":2658,"minecraft:drop":420,"minecraft:talked_to_villager":33,"minecraft:play_time":686649,"minecraft:deaths":44,"minecraft:jump":13266,"minecraft:walk_on_water_one_cm":53254,"minecraft:enchant_item":3,"minecraft:interact_with_furnace":85,"minecraft:sleep_in_bed":15,"minecraft:damage_dealt":61697,"minecraft:player_kills":1,"minecraft:crouch_one_cm":182438,"minecraft:interact_with_smoker":24,"minecraft:mob_kills":422,"minecraft:inspect_hopper":6,"minecraft:climb_one_cm":11339,"minecraft:walk_one_cm":1291479,"minecraft:sneak_time":49653,"minecraft:walk_under_water_one_cm":15962,"minecraft:boat_one_cm":288017,"minecraft:total_world_time":686649,"minecraft:raid_trigger":1,"minecraft:time_since_rest":20693,"minecraft:damage_taken":27079,"minecraft:swim_one_cm":61446,"minecraft:fly_one_cm":3136966,"minecraft:open_chest":216,"minecraft:fall_one_cm":367766},"minecraft:broken":{"minecraft:iron_boots":2,"minecraft:stone_pickaxe":1,"minecraft:iron_sword":2,"minecraft:iron_pickaxe":3},"minecraft:mined":{"minecraft:spruce_planks":11,"minecraft:white_bed":8,"minecraft:jungle_leaves":14,"minecraft:granite":1,"minecraft:budding_amethyst":2,"minecraft:grass_block":102,"minecraft:jungle_log":26,"minecraft:cracked_polished_blackstone_bricks":40,"minecraft:soul_soil":13,"minecraft:spawner":1,"minecraft:gilded_blackstone":1,"minecraft:polished_blackstone_bricks":84,"minecraft:magma_block":10,"minecraft:glowstone":9,"minecraft:iron_ore":41,"minecraft:fire":58,"minecraft:cobbled_deepslate":6,"minecraft:deepslate_lapis_ore":6,"minecraft:orange_bed":2,"minecraft:jungle_trapdoor":4,"minecraft:red_bed":3,"minecraft:blackstone":18,"minecraft:crimson_nylium":9,"minecraft:smoker":2,"minecraft:soul_fire":22,"minecraft:powder_snow":1,"minecraft:clay":6,"minecraft:torch":3,"minecraft:chest":5,"minecraft:nether_quartz_ore":7,"minecraft:glass":4,"minecraft:cobblestone":245,"minecraft:oak_planks":9,"minecraft:sugar_cane":159,"minecraft:iron_door":2,"minecraft:wall_torch":8,"minecraft:amethyst_block":41,"minecraft:warped_nylium":6,"minecraft:warped_planks":1,"minecraft:wheat":40,"minecraft:birch_log":6,"minecraft:warped_fungus":1,"minecraft:oak_log":45,"minecraft:sand":63,"minecraft:dirt":149,"minecraft:netherrack":823,"minecraft:oak_leaves":10,"minecraft:deepslate":257,"minecraft:nether_gold_ore":158,"minecraft:mossy_cobblestone":66,"minecraft:deepslate_diamond_ore":14,"minecraft:nether_bricks":28,"minecraft:crimson_roots":4,"minecraft:spruce_leaves":3,"minecraft:kelp":3,"minecraft:crimson_stem":1,"minecraft:hay_block":85,"minecraft:redstone_ore":5,"minecraft:furnace":6,"minecraft:andesite":17,"minecraft:gold_block":10,"minecraft:bookshelf":24,"minecraft:potatoes":32,"minecraft:vine":32,"minecraft:deepslate_iron_ore":2,"minecraft:warped_stem":11,"minecraft:stone":396,"minecraft:white_wool":3,"minecraft:oak_slab":1,"minecraft:soul_sand":5,"minecraft:infested_stone_bricks":1,"minecraft:basalt":47,"minecraft:dandelion":2,"minecraft:crafting_table":43,"minecraft:short_grass":54,"minecraft:emerald_ore":2,"minecraft:warped_roots":3,"minecraft:copper_ore":2,"minecraft:lapis_ore":3,"minecraft:polished_blackstone_brick_stairs":1,"minecraft:diorite":25,"minecraft:warped_wart_block":8,"minecraft:purple_bed":4,"minecraft:spruce_log":7,"minecraft:birch_leaves":1,"minecraft:white_wall_banner":1,"minecraft:coal_ore":83,"minecraft:gravel":12,"minecraft:cobweb":3,"minecraft:cracked_stone_bricks":1,"minecraft:stone_bricks":8,"minecraft:mossy_stone_bricks":3,"minecraft:fern":6},"minecraft:killed":{"minecraft:witch":2,"minecraft:spider":6,"minecraft:skeleton":7,"minecraft:chicken":3,"minecraft:silverfish":1,"minecraft:turtle":1,"minecraft:piglin_brute":8,"minecraft:magma_cube":1,"minecraft:piglin":4,"minecraft:pig":10,"minecraft:iron_golem":5,"minecraft:creeper":2,"minecraft:sheep":20,"minecraft:pillager":9,"minecraft:zombie":256,"minecraft:ghast":2,"minecraft:blaze":12,"minecraft:cow":26,"minecraft:evoker":1,"minecraft:vindicator":2,"minecraft:phantom":4,"minecraft:drowned":1,"minecraft:ravager":2,"minecraft:hoglin":2,"minecraft:wither_skeleton":6,"minecraft:enderman":18},"minecraft:used":{"minecraft:iron_shovel":203,"minecraft:oak_sign":18,"minecraft:chest":13,"minecraft:shield":51,"minecraft:iron_sword":731,"minecraft:zombie_spawn_egg":5,"minecraft:rotten_flesh":7,"minecraft:iron_chestplate":9,"minecraft:soul_sand":17,"minecraft:jungle_planks":1,"minecraft:nether_bricks":17,"minecraft:axolotl_bucket":3,"minecraft:obsidian":26,"minecraft:glass":117,"minecraft:lava_bucket":13,"minecraft:villager_spawn_egg":6,"minecraft:grass_block":171,"minecraft:iron_helmet":2,"minecraft:stone_bricks":8,"minecraft:bow":19,"minecraft:ominous_bottle":1,"minecraft:furnace":11,"minecraft:egg":2,"minecraft:potato":116,"minecraft:golden_boots":1,"minecraft:diorite":11,"minecraft:mossy_stone_bricks":2,"minecraft:oak_planks":18,"minecraft:stone_pickaxe":176,"minecraft:wooden_pickaxe":53,"minecraft:composter":2,"minecraft:sugar_cane":2,"minecraft:oak_leaves":1,"minecraft:white_wool":12,"minecraft:sand":199,"minecraft:crossbow":1,"minecraft:crying_obsidian":6,"minecraft:string":1,"minecraft:bread":112,"minecraft:gravel":8,"minecraft:golden_helmet":1,"minecraft:diamond_sword":133,"minecraft:fire_charge":5,"minecraft:andesite":22,"minecraft:oak_boat":33,"minecraft:enchanting_table":1,"minecraft:flint_and_steel":1,"minecraft:spruce_planks":35,"minecraft:wooden_shovel":12,"minecraft:cooked_chicken":5,"minecraft:netherrack":655,"minecraft:orange_bed":1,"minecraft:torch":32,"minecraft:dirt":738,"minecraft:anvil":1,"minecraft:hopper":4,"minecraft:diamond_helmet":10,"minecraft:jungle_trapdoor":7,"minecraft:iron_hoe":86,"minecraft:bookshelf":9,"minecraft:iron_axe":306,"minecraft:jungle_log":1,"minecraft:iron_boots":6,"minecraft:barrel":14,"minecraft:glowstone":1,"minecraft:golden_carrot":45,"minecraft:basalt":7,"minecraft:cooked_beef":14,"minecraft:cobbled_deepslate":66,"minecraft:acacia_planks":1,"minecraft:wheat_seeds":30,"minecraft:cooked_mutton":17,"minecraft:acacia_boat":8,"minecraft:water_bucket":63,"minecraft:baked_potato":80,"minecraft:birch_boat":4,"minecraft:cobblestone_slab":7,"minecraft:leather_boots":1,"minecraft:cracked_stone_bricks":1,"minecraft:polished_blackstone_bricks":45,"minecraft:mossy_cobblestone":32,"minecraft:oak_slab":4,"minecraft:crafting_table":48,"minecraft:red_bed":3,"minecraft:white_bed":14,"minecraft:warped_planks":22,"minecraft:smoker":2,"minecraft:ender_eye":16,"minecraft:diamond_pickaxe":761,"minecraft:diamond_shovel":442,"minecraft:cracked_polished_blackstone_bricks":56,"minecraft:oak_button":14,"minecraft:iron_pickaxe":1561,"minecraft:golden_leggings":2,"minecraft:stone_axe":107,"minecraft:cobblestone":530,"minecraft:purple_bed":3,"minecraft:white_banner":2,"minecraft:cooked_porkchop":6,"minecraft:bucket":69,"minecraft:diamond_leggings":8},"minecraft:dropped":{"minecraft:crimson_stem":1,"minecraft:iron_sword":11,"minecraft:soul_sand":41,"minecraft:brown_mushroom":1,"minecraft:lapis_lazuli":87,"minecraft:warped_fungus":2,"minecraft:crafting_table":1,"minecraft:cooked_porkchop":4,"minecraft:crossbow":2,"minecraft:warped_roots":5,"minecraft:saddle":1,"minecraft:flint":1,"minecraft:cracked_polished_blackstone_bricks":3,"minecraft:dirt":28,"minecraft:crimson_roots":3,"minecraft:seagrass":1,"minecraft:gold_nugget":7,"minecraft:gilded_blackstone":8,"minecraft:bone_block":8,"minecraft:axolotl_bucket":1,"minecraft:sand":1,"minecraft:polished_blackstone_bricks":42,"minecraft:iron_pickaxe":17,"minecraft:gold_ingot":113,"minecraft:bone":36,"minecraft:gravel":95,"minecraft:stone_axe":1,"minecraft:blackstone":104,"minecraft:sugar_cane":6,"minecraft:golden_chestplate":2,"minecraft:cobbled_deepslate":123,"minecraft:nether_brick":36,"minecraft:rotten_flesh":50,"minecraft:diamond_shovel":1,"minecraft:glowstone_dust":2,"minecraft:cooked_mutton":14,"minecraft:white_bed":1,"minecraft:warped_planks":3,"minecraft:poppy":577,"minecraft:gunpowder":4,"minecraft:hopper":1,"minecraft:basalt":40,"minecraft:arrow":13,"minecraft:warped_wart_block":2,"minecraft:crying_obsidian":13,"minecraft:ghast_tear":2,"minecraft:quartz":1,"minecraft:netherrack":44,"minecraft:water_bucket":1,"minecraft:enchanted_book":1,"minecraft:golden_boots":1,"minecraft:bread":82,"minecraft:wheat_seeds":88,"minecraft:golden_helmet":3,"minecraft:poisonous_potato":5,"minecraft:iron_helmet":5,"minecraft:golden_axe":1,"minecraft:cobblestone":68,"minecraft:spectral_arrow":30,"minecraft:amethyst_block":24,"minecraft:copper_ingot":2,"minecraft:stick":5,"minecraft:lava_bucket":1,"minecraft:diamond_horse_armor":1,"minecraft:golden_carrot":20,"minecraft:iron_door":2,"minecraft:potion":1,"minecraft:iron_leggings":7,"minecraft:armadillo_scute":1,"minecraft:white_banner":2,"minecraft:iron_axe":6,"minecraft:string":7,"minecraft:bucket":1,"minecraft:spruce_sapling":1,"minecraft:dandelion":2,"minecraft:kelp":7,"minecraft:warped_nylium":4,"minecraft:nether_wart":12,"minecraft:raw_copper":6,"minecraft:tuff":18,"minecraft:raw_iron":1,"minecraft:iron_boots":8,"minecraft:villager_spawn_egg":185,"minecraft:iron_hoe":1,"minecraft:nether_bricks":3,"minecraft:oak_sign":3,"minecraft:potato":421,"minecraft:cobblestone_slab":4,"minecraft:shield":4,"minecraft:oak_button":10,"minecraft:diamond_chestplate":2,"minecraft:iron_chestplate":9,"minecraft:diamond_pickaxe":1,"minecraft:andesite":6,"minecraft:oak_boat":2,"minecraft:oak_sapling":1,"minecraft:bow":4,"minecraft:stone_pickaxe":2,"minecraft:wooden_pickaxe":4,"minecraft:magma_cream":1},"minecraft:killed_by":{"minecraft:ghast":3,"minecraft:zombified_piglin":1,"minecraft:wither_skeleton":3,"minecraft:piglin_brute":6,"minecraft:vindicator":6,"minecraft:piglin":1,"minecraft:vex":4,"minecraft:player":2,"minecraft:skeleton":11}},"DataVersion":3953}