{"stats":{"minecraft:broken":{"minecraft:stone_pickaxe":1,"minecraft:iron_pickaxe":1},"minecraft:mined":{"minecraft:spruce_planks":11,"minecraft:white_bed":8,"minecraft:jungle_leaves":2,"minecraft:grass_block":25,"minecraft:jungle_log":8,"minecraft:cracked_polished_blackstone_bricks":40,"minecraft:gilded_blackstone":1,"minecraft:polished_blackstone_bricks":84,"minecraft:magma_block":10,"minecraft:iron_ore":37,"minecraft:fire":47,"minecraft:orange_bed":1,"minecraft:jungle_trapdoor":2,"minecraft:blackstone":15,"minecraft:crimson_nylium":9,"minecraft:soul_fire":11,"minecraft:powder_snow":1,"minecraft:chest":1,"minecraft:nether_quartz_ore":7,"minecraft:cobblestone":7,"minecraft:oak_planks":3,"minecraft:warped_nylium":6,"minecraft:warped_planks":1,"minecraft:birch_log":6,"minecraft:wheat":40,"minecraft:warped_fungus":1,"minecraft:oak_log":25,"minecraft:dirt":19,"minecraft:netherrack":628,"minecraft:oak_leaves":6,"minecraft:nether_gold_ore":154,"minecraft:crimson_roots":4,"minecraft:kelp":3,"minecraft:crimson_stem":1,"minecraft:hay_block":70,"minecraft:furnace":6,"minecraft:gold_block":10,"minecraft:vine":6,"minecraft:warped_stem":11,"minecraft:stone":129,"minecraft:white_wool":3,"minecraft:soul_sand":5,"minecraft:basalt":23,"minecraft:dandelion":2,"minecraft:crafting_table":36,"minecraft:short_grass":19,"minecraft:emerald_ore":2,"minecraft:warped_roots":3,"minecraft:polished_blackstone_brick_stairs":1,"minecraft:diorite":8,"minecraft:warped_wart_block":8,"minecraft:purple_bed":3,"minecraft:birch_leaves":1,"minecraft:coal_ore":38,"minecraft:gravel":10,"minecraft:fern":3},"minecraft:killed_by":{"minecraft:ghast":2,"minecraft:piglin_brute":6,"minecraft:piglin":1,"minecraft:skeleton":2},"minecraft:custom":{"minecraft:interact_with_crafting_table":76,"minecraft:open_barrel":17,"minecraft:leave_game":4,"minecraft:time_since_death":40094,"minecraft:sprint_one_cm":703339,"minecraft:damage_blocked_by_shield":615,"minecraft:drop":292,"minecraft:talked_to_villager":29,"minecraft:play_time":316791,"minecraft:deaths":15,"minecraft:jump":5741,"minecraft:walk_on_water_one_cm":35154,"minecraft:interact_with_furnace":66,"minecraft:sleep_in_bed":8,"minecraft:damage_dealt":24788,"minecraft:crouch_one_cm":128026,"minecraft:interact_with_smoker":1,"minecraft:mob_kills":112,"minecraft:inspect_hopper":4,"minecraft:climb_one_cm":2335,"minecraft:walk_one_cm":650586,"minecraft:sneak_time":35985,"minecraft:walk_under_water_one_cm":13442,"minecraft:boat_one_cm":226434,"minecraft:total_world_time":316791,"minecraft:time_since_rest":40139,"minecraft:damage_taken":9971,"minecraft:swim_one_cm":45971,"minecraft:fly_one_cm":1742382,"minecraft:open_chest":62,"minecraft:fall_one_cm":156714},"minecraft:used":{"minecraft:iron_shovel":25,"minecraft:oak_sign":18,"minecraft:chest":3,"minecraft:shield":10,"minecraft:iron_sword":127,"minecraft:zombie_spawn_egg":5,"minecraft:rotten_flesh":7,"minecraft:iron_chestplate":1,"minecraft:soul_sand":17,"minecraft:obsidian":15,"minecraft:lava_bucket":12,"minecraft:villager_spawn_egg":6,"minecraft:grass_block":171,"minecraft:furnace":10,"minecraft:egg":1,"minecraft:golden_boots":1,"minecraft:diorite":8,"minecraft:stone_pickaxe":176,"minecraft:oak_planks":6,"minecraft:wooden_pickaxe":53,"minecraft:oak_leaves":1,"minecraft:white_wool":12,"minecraft:sand":199,"minecraft:crying_obsidian":6,"minecraft:bread":68,"minecraft:gravel":8,"minecraft:golden_helmet":1,"minecraft:fire_charge":5,"minecraft:oak_boat":31,"minecraft:flint_and_steel":1,"minecraft:spruce_planks":34,"minecraft:wooden_shovel":12,"minecraft:cooked_chicken":5,"minecraft:netherrack":435,"minecraft:dirt":579,"minecraft:hopper":3,"minecraft:diamond_helmet":1,"minecraft:jungle_trapdoor":2,"minecraft:iron_axe":155,"minecraft:barrel":14,"minecraft:basalt":4,"minecraft:golden_carrot":1,"minecraft:cooked_beef":12,"minecraft:wheat_seeds":30,"minecraft:cooked_mutton":13,"minecraft:acacia_boat":8,"minecraft:water_bucket":41,"minecraft:birch_boat":4,"minecraft:cobblestone_slab":7,"minecraft:leather_boots":1,"minecraft:polished_blackstone_bricks":45,"minecraft:crafting_table":39,"minecraft:white_bed":14,"minecraft:warped_planks":22,"minecraft:diamond_shovel":380,"minecraft:cracked_polished_blackstone_bricks":56,"minecraft:oak_button":14,"minecraft:iron_pickaxe":1032,"minecraft:golden_leggings":2,"minecraft:stone_axe":107,"minecraft:cobblestone":96,"minecraft:purple_bed":2,"minecraft:cooked_porkchop":6,"minecraft:bucket":43,"minecraft:diamond_leggings":1},"minecraft:crafted":{"minecraft:oak_planks":88,"minecraft:birch_boat":2,"minecraft:cooked_mutton":22,"minecraft:warped_planks":56,"minecraft:iron_boots":3,"minecraft:chest":2,"minecraft:golden_boots":1,"minecraft:cooked_porkchop":6,"minecraft:crafting_table":7,"minecraft:spruce_planks":52,"minecraft:wooden_pickaxe":4,"minecraft:iron_helmet":3,"minecraft:birch_planks":24,"minecraft:iron_chestplate":3,"minecraft:golden_leggings":1,"minecraft:shield":2,"minecraft:stick":68,"minecraft:iron_ingot":48,"minecraft:iron_pickaxe":8,"minecraft:gold_ingot":96,"minecraft:leather_boots":1,"minecraft:furnace":5,"minecraft:jungle_trapdoor":2,"minecraft:flint_and_steel":1,"minecraft:iron_axe":3,"minecraft:stone_pickaxe":4,"minecraft:spruce_boat":1,"minecraft:golden_helmet":1,"minecraft:wheat":378,"minecraft:cooked_beef":23,"minecraft:iron_sword":3,"minecraft:bucket":1,"minecraft:stone_axe":4,"minecraft:bread":137,"minecraft:air":0,"minecraft:jungle_planks":48,"minecraft:oak_boat":1,"minecraft:iron_shovel":1,"minecraft:iron_leggings":3,"minecraft:white_bed":1},"minecraft:dropped":{"minecraft:crimson_stem":1,"minecraft:iron_sword":7,"minecraft:soul_sand":41,"minecraft:brown_mushroom":1,"minecraft:warped_fungus":2,"minecraft:crafting_table":1,"minecraft:cooked_porkchop":4,"minecraft:crossbow":1,"minecraft:warped_roots":5,"minecraft:flint":1,"minecraft:cracked_polished_blackstone_bricks":3,"minecraft:dirt":17,"minecraft:crimson_roots":3,"minecraft:seagrass":1,"minecraft:gilded_blackstone":8,"minecraft:gold_nugget":7,"minecraft:sand":1,"minecraft:polished_blackstone_bricks":35,"minecraft:iron_pickaxe":13,"minecraft:gold_ingot":113,"minecraft:bone":3,"minecraft:gravel":95,"minecraft:stone_axe":1,"minecraft:blackstone":97,"minecraft:golden_chestplate":2,"minecraft:nether_brick":36,"minecraft:rotten_flesh":7,"minecraft:diamond_shovel":1,"minecraft:cooked_mutton":14,"minecraft:white_bed":1,"minecraft:warped_planks":3,"minecraft:poppy":64,"minecraft:gunpowder":2,"minecraft:hopper":1,"minecraft:basalt":18,"minecraft:arrow":2,"minecraft:warped_wart_block":2,"minecraft:crying_obsidian":13,"minecraft:ghast_tear":1,"minecraft:quartz":1,"minecraft:netherrack":42,"minecraft:water_bucket":1,"minecraft:bread":62,"minecraft:wheat_seeds":73,"minecraft:golden_helmet":3,"minecraft:cobblestone":4,"minecraft:spectral_arrow":3,"minecraft:copper_ingot":2,"minecraft:stick":5,"minecraft:lava_bucket":1,"minecraft:potion":1,"minecraft:iron_leggings":4,"minecraft:iron_axe":4,"minecraft:string":1,"minecraft:dandelion":2,"minecraft:kelp":7,"minecraft:warped_nylium":4,"minecraft:tuff":18,"minecraft:iron_boots":3,"minecraft:villager_spawn_egg":185,"minecraft:oak_sign":3,"minecraft:cobblestone_slab":4,"minecraft:oak_button":10,"minecraft:iron_chestplate":4,"minecraft:oak_boat":2,"minecraft:oak_sapling":1,"minecraft:stone_pickaxe":2,"minecraft:wooden_pickaxe":4},"minecraft:picked_up":{"minecraft:seagrass":1,"minecraft:iron_chestplate":5,"minecraft:wheat":34,"minecraft:potion":5,"minecraft:enchanted_book":2,"minecraft:gilded_blackstone":5,"minecraft:nether_brick":60,"minecraft:polished_blackstone_brick_stairs":1,"minecraft:string":18,"minecraft:iron_leggings":5,"minecraft:oak_sign":2,"minecraft:gold_nugget":687,"minecraft:bucket":3,"minecraft:spruce_planks":35,"minecraft:cobblestone_slab":1,"minecraft:iron_pickaxe":16,"minecraft:furnace":7,"minecraft:iron_boots":5,"minecraft:golden_helmet":3,"minecraft:stick":29,"minecraft:torch":12,"minecraft:porkchop":25,"minecraft:pointed_dripstone":2,"minecraft:diorite":8,"minecraft:warped_planks":1,"minecraft:golden_chestplate":1,"minecraft:orange_bed":1,"minecraft:rotten_flesh":14,"minecraft:obsidian":17,"minecraft:cobblestone":150,"minecraft:birch_log":6,"minecraft:magma_block":2,"minecraft:magma_cream":20,"minecraft:water_bucket":1,"minecraft:jungle_log":12,"minecraft:golden_leggings":1,"minecraft:potato":4,"minecraft:flint":2,"minecraft:tuff":18,"minecraft:acacia_boat":8,"minecraft:dirt":44,"minecraft:bone":3,"minecraft:wheat_seeds":101,"minecraft:oak_planks":3,"minecraft:ghast_tear":2,"minecraft:cooked_porkchop":3,"minecraft:warped_wart_block":2,"minecraft:jungle_planks":6,"minecraft:spectral_arrow":192,"minecraft:snout_armor_trim_smithing_template":2,"minecraft:spruce_boat":1,"minecraft:cracked_polished_blackstone_bricks":59,"minecraft:crossbow":1,"minecraft:bread":207,"minecraft:emerald":2,"minecraft:oak_sapling":1,"minecraft:piglin_banner_pattern":2,"minecraft:netherrack":841,"minecraft:crimson_roots":3,"minecraft:crafting_table":40,"minecraft:splash_potion":4,"minecraft:brown_mushroom":3,"minecraft:wooden_pickaxe":3,"minecraft:gold_block":10,"minecraft:shield":2,"minecraft:jungle_trapdoor":4,"minecraft:iron_axe":8,"minecraft:iron_shovel":1,"minecraft:blackstone":174,"minecraft:beef":50,"minecraft:oak_boat":29,"minecraft:poppy":4,"minecraft:chest":1,"minecraft:egg":1,"minecraft:raw_iron":37,"minecraft:copper_ingot":2,"minecraft:fire_charge":25,"minecraft:polished_blackstone_bricks":87,"minecraft:arrow":46,"minecraft:hay_block":75,"minecraft:gold_ingot":58,"minecraft:mutton":31,"minecraft:white_wool":37,"minecraft:basalt":23,"minecraft:crimson_stem":1,"minecraft:leather":81,"minecraft:birch_planks":3,"minecraft:oak_log":27,"minecraft:gunpowder":2,"minecraft:cooked_mutton":30,"minecraft:kelp":7,"minecraft:warped_stem":14,"minecraft:iron_ingot":28,"minecraft:stone_pickaxe":4,"minecraft:cooked_chicken":5,"minecraft:soul_sand":165,"minecraft:iron_sword":13,"minecraft:warped_fungus":2,"minecraft:birch_boat":3,"minecraft:sweet_berries":6,"minecraft:quartz":93,"minecraft:dandelion":2,"minecraft:gravel":200,"minecraft:lava_bucket":1,"minecraft:white_bed":9,"minecraft:spruce_log":8,"minecraft:crying_obsidian":29,"minecraft:purple_bed":3,"minecraft:stone_axe":3,"minecraft:iron_helmet":1,"minecraft:gray_wool":1,"minecraft:warped_roots":10,"minecraft:oak_button":7,"minecraft:warped_nylium":6,"minecraft:coal":74,"minecraft:ender_pearl":32},"minecraft:killed":{"minecraft:spider":2,"minecraft:skeleton":1,"minecraft:turtle":1,"minecraft:piglin_brute":8,"minecraft:magma_cube":1,"minecraft:piglin":4,"minecraft:pig":10,"minecraft:iron_golem":5,"minecraft:creeper":1,"minecraft:sheep":20,"minecraft:zombie":5,"minecraft:ghast":2,"minecraft:cow":26,"minecraft:drowned":1,"minecraft:hoglin":2,"minecraft:enderman":18}},"DataVersion":3953}