{
  "pixelmon:recipes/equipment/camera": {
    "criteria": {
      "has_film": "2024-07-25 07:27:28 +0000"
    },
    "done": true
  },
  "pixelmon:recipes/equipment/curry_dex": {
    "criteria": {
      "has_curry_ingredient": "2024-07-25 07:57:00 +0000"
    },
    "done": true
  },
  "minecraft:recipes/tools/wooden_axe": {
    "criteria": {
      "has_stick": "2024-07-25 07:29:55 +0000"
    },
    "done": true
  },
  "pixelmon:recipes/machines/trade_machine/trade_holder_left": {
    "criteria": {
      "has_poke_ball": "2024-07-25 07:25:36 +0000"
    },
    "done": true
  },
  "minecraft:recipes/decorations/spruce_sign": {
    "criteria": {
      "has_spruce_planks": "2024-07-25 08:19:20 +0000"
    },
    "done": true
  },
  "minecraft:recipes/combat/iron_sword": {
    "criteria": {
      "has_iron_ingot": "2024-07-25 08:17:34 +0000"
    },
    "done": true
  },
  "pixelmon:recipes/pokeball/base/platinum_base": {
    "criteria": {
      "has_ingot": "2024-07-25 07:23:25 +0000"
    },
    "done": true
  },
  "pixelmon:recipes/decor/bench/spruce_bench": {
    "criteria": {
      "has_planks": "2024-07-25 08:19:20 +0000"
    },
    "done": true
  },
  "minecraft:recipes/redstone/spruce_door": {
    "criteria": {
      "has_planks": "2024-07-25 08:19:20 +0000"
    },
    "done": true
  },
  "minecraft:recipes/combat/golden_chestplate": {
    "criteria": {
      "has_gold_ingot": "2024-07-25 07:58:42 +0000"
    },
    "done": true
  },
  "minecraft:recipes/misc/wheat": {
    "criteria": {
      "has_hay_block": "2024-07-25 07:24:13 +0000"
    },
    "done": true
  },
  "minecraft:recipes/food/cooked_salmon_from_smoking": {
    "criteria": {
      "has_salmon": "2024-07-25 08:09:38 +0000"
    },
    "done": true
  },
  "pixelmon:recipes/pokeball/lid/repeat_ball_lid": {
    "criteria": {
      "has_ultra_ball": "2024-07-25 07:25:36 +0000"
    },
    "done": true
  },
  "minecraft:recipes/tools/iron_pickaxe": {
    "criteria": {
      "has_iron_ingot": "2024-07-25 08:17:34 +0000"
    },
    "done": true
  },
  "minecraft:recipes/redstone/spruce_fence_gate": {
    "criteria": {
      "has_planks": "2024-07-25 08:19:20 +0000"
    },
    "done": true
  },
  "pixelmon:recipes/pokeball/lid/friend_ball_lid": {
    "criteria": {
      "has_ultra_ball": "2024-07-25 07:25:36 +0000"
    },
    "done": true
  },
  "minecraft:recipes/decorations/crafting_table": {
    "criteria": {
      "has_planks": "2024-07-25 07:29:38 +0000"
    },
    "done": true
  },
  "minecraft:recipes/decorations/campfire": {
    "criteria": {
      "has_stick": "2024-07-25 07:29:55 +0000"
    },
    "done": true
  },
  "minecraft:recipes/tools/golden_hoe": {
    "criteria": {
      "has_gold_ingot": "2024-07-25 07:58:42 +0000"
    },
    "done": true
  },
  "pixelmon:recipes/pokeball/lid/net_ball_lid": {
    "criteria": {
      "has_ultra_ball": "2024-07-25 07:25:36 +0000"
    },
    "done": true
  },
  "minecraft:recipes/decorations/ladder": {
    "criteria": {
      "has_stick": "2024-07-25 07:29:55 +0000"
    },
    "done": true
  },
  "pixelmon:recipes/lures/lure_type_strong": {
    "criteria": {
      "has_case_recipe": "2024-07-25 07:58:42 +0000"
    },
    "done": true
  },
  "minecraft:recipes/misc/iron_nugget": {
    "criteria": {
      "has_iron_ingot": "2024-07-25 08:17:34 +0000"
    },
    "done": true
  },
  "minecraft:recipes/decorations/chest": {
    "criteria": {
      "has_lots_of_items": "2024-07-25 07:25:52 +0000"
    },
    "done": true
  },
  "minecraft:recipes/combat/golden_sword": {
    "criteria": {
      "has_gold_ingot": "2024-07-25 07:58:42 +0000"
    },
    "done": true
  },
  "minecraft:recipes/building_blocks/iron_block": {
    "criteria": {
      "has_iron_ingot": "2024-07-25 08:17:34 +0000"
    },
    "done": true
  },
  "pixelmon:recipes/pokeball/lid/ancient_heavy_ball_lid": {
    "criteria": {
      "has_ingot": "2024-07-25 08:17:34 +0000"
    },
    "done": true
  },
  "pixelmon:wild_battle_victories/wild_battle_victory_trigger": {
    "criteria": {
      "wild_battle_victory_trigger": "2024-07-25 08:09:34 +0000"
    },
    "done": true
  },
  "minecraft:recipes/redstone/spruce_button": {
    "criteria": {
      "has_planks": "2024-07-25 08:19:20 +0000"
    },
    "done": true
  },
  "minecraft:recipes/tools/wooden_shovel": {
    "criteria": {
      "has_stick": "2024-07-25 07:29:55 +0000"
    },
    "done": true
  },
  "pixelmon:recipes/equipment/movement/old_running_boots": {
    "criteria": {
      "has_ingot": "2024-07-25 08:17:34 +0000"
    },
    "done": true
  },
  "pixelmon:recipes/pokeball/lid/lure_ball_lid": {
    "criteria": {
      "has_ultra_ball": "2024-07-25 07:25:36 +0000"
    },
    "done": true
  },
  "minecraft:recipes/tools/shears": {
    "criteria": {
      "has_iron_ingot": "2024-07-25 08:17:34 +0000"
    },
    "done": true
  },
  "minecraft:recipes/misc/stick": {
    "criteria": {
      "has_planks": "2024-07-25 07:29:38 +0000"
    },
    "done": true
  },
  "pixelmon:recipes/decor/terrain/poke_dirt": {
    "criteria": {
      "has_dirt": "2024-07-25 07:32:15 +0000"
    },
    "done": true
  },
  "minecraft:recipes/transportation/spruce_boat": {
    "criteria": {
      "in_water": "2024-07-25 07:22:33 +0000"
    },
    "done": true
  },
  "minecraft:recipes/redstone/light_weighted_pressure_plate": {
    "criteria": {
      "has_gold_ingot": "2024-07-25 07:58:42 +0000"
    },
    "done": true
  },
  "pixelmon:recipes/pokeball/lid/premier_ball_lid": {
    "criteria": {
      "has_poke_ball": "2024-07-25 07:25:36 +0000"
    },
    "done": true
  },
  "minecraft:recipes/misc/gold_nugget_from_blasting": {
    "criteria": {
      "has_golden_pickaxe": "2024-07-25 08:18:50 +0000"
    },
    "done": true
  },
  "pixelmon:recipes/lures/lure_ha_strong": {
    "criteria": {
      "has_case_recipe": "2024-07-25 07:58:42 +0000"
    },
    "done": true
  },
  "pixelmon:recipes/pokeball/lid/quick_ball_lid": {
    "criteria": {
      "has_ultra_ball": "2024-07-25 07:25:36 +0000"
    },
    "done": true
  },
  "minecraft:recipes/combat/wooden_sword": {
    "criteria": {
      "has_stick": "2024-07-25 07:29:55 +0000"
    },
    "done": true
  },
  "pixelmon:recipes/lures/lure_shiny_weak": {
    "criteria": {
      "has_case_recipe": "2024-07-25 08:17:34 +0000"
    },
    "done": true
  },
  "pixelmon:recipes/pokeball/lid/dusk_ball_lid": {
    "criteria": {
      "has_ultra_ball": "2024-07-25 07:25:36 +0000"
    },
    "done": true
  },
  "minecraft:recipes/building_blocks/oak_planks": {
    "criteria": {
      "has_logs": "2024-07-25 07:29:18 +0000"
    },
    "done": true
  },
  "pixelmon:recipes/shell_bell": {
    "criteria": {
      "has_shoal_salt": "2024-07-25 08:16:50 +0000"
    },
    "done": true
  },
  "pixelmon:recipes/pokeball/lid/heavy_ball_lid": {
    "criteria": {
      "has_ultra_ball": "2024-07-25 07:25:36 +0000"
    },
    "done": true
  },
  "pixelmon:recipes/machines/cookingpot": {
    "criteria": {
      "has_curry_ingredient": "2024-07-25 07:57:00 +0000"
    },
    "done": true
  },
  "pixelmon:recipes/pokeball/lid/safari_ball_lid": {
    "criteria": {
      "has_ultra_ball": "2024-07-25 07:25:36 +0000"
    },
    "done": true
  },
  "minecraft:recipes/building_blocks/spruce_slab": {
    "criteria": {
      "has_planks": "2024-07-25 08:19:20 +0000"
    },
    "done": true
  },
  "pixelmon:recipes/decor/household_items/mug_ball": {
    "criteria": {
      "has_poke_ball": "2024-07-25 07:25:36 +0000"
    },
    "done": true
  },
  "minecraft:recipes/misc/gold_nugget": {
    "criteria": {
      "has_gold_ingot": "2024-07-25 07:58:42 +0000"
    },
    "done": true
  },
  "minecraft:recipes/combat/iron_leggings": {
    "criteria": {
      "has_iron_ingot": "2024-07-25 08:17:34 +0000"
    },
    "done": true
  },
  "pixelmon:recipes/pokeball/lid/luxury_ball_lid": {
    "criteria": {
      "has_ultra_ball": "2024-07-25 07:25:36 +0000"
    },
    "done": true
  },
  "minecraft:recipes/tools/golden_axe": {
    "criteria": {
      "has_gold_ingot": "2024-07-25 07:58:42 +0000"
    },
    "done": true
  },
  "pixelmon:recipes/pokeball/lid/moon_ball_lid": {
    "criteria": {
      "has_ultra_ball": "2024-07-25 07:25:36 +0000"
    },
    "done": true
  },
  "minecraft:recipes/tools/iron_axe": {
    "criteria": {
      "has_iron_ingot": "2024-07-25 08:17:34 +0000"
    },
    "done": true
  },
  "minecraft:recipes/tools/wooden_hoe": {
    "criteria": {
      "has_stick": "2024-07-25 07:29:55 +0000"
    },
    "done": true
  },
  "pixelmon:recipes/pokeball/lid/fast_ball_lid": {
    "criteria": {
      "has_ultra_ball": "2024-07-25 07:25:36 +0000"
    },
    "done": true
  },
  "minecraft:recipes/combat/shield": {
    "criteria": {
      "has_iron_ingot": "2024-07-25 08:17:34 +0000"
    },
    "done": true
  },
  "minecraft:recipes/combat/golden_helmet": {
    "criteria": {
      "has_gold_ingot": "2024-07-25 07:58:42 +0000"
    },
    "done": true
  },
  "pixelmon:recipes/decor/household_items/end_table": {
    "criteria": {
      "has_crafting_table": "2024-07-25 07:29:39 +0000"
    },
    "done": true
  },
  "pixelmon:pokedex/pokedex_trigger": {
    "criteria": {
      "pokedex_base": "2024-07-24 08:47:20 +0000"
    },
    "done": true
  },
  "minecraft:recipes/misc/bucket": {
    "criteria": {
      "has_iron_ingot": "2024-07-25 08:17:34 +0000"
    },
    "done": true
  },
  "minecraft:recipes/redstone/oak_pressure_plate": {
    "criteria": {
      "has_planks": "2024-07-25 07:29:38 +0000"
    },
    "done": true
  },
  "minecraft:recipes/combat/iron_boots": {
    "criteria": {
      "has_iron_ingot": "2024-07-25 08:17:34 +0000"
    },
    "done": true
  },
  "minecraft:recipes/food/dried_kelp_from_smoking": {
    "criteria": {
      "has_kelp": "2024-07-25 08:14:48 +0000"
    },
    "done": true
  },
  "minecraft:recipes/redstone/hopper": {
    "criteria": {
      "has_iron_ingot": "2024-07-25 08:17:34 +0000"
    },
    "done": true
  },
  "pixelmon:recipes/pokeball/lid/sport_ball_lid": {
    "criteria": {
      "has_ultra_ball": "2024-07-25 07:25:36 +0000"
    },
    "done": true
  },
  "minecraft:recipes/building_blocks/oak_wood": {
    "criteria": {
      "has_log": "2024-07-25 07:29:18 +0000"
    },
    "done": true
  },
  "minecraft:recipes/food/cooked_salmon": {
    "criteria": {
      "has_salmon": "2024-07-25 08:09:38 +0000"
    },
    "done": true
  },
  "minecraft:story/root": {
    "criteria": {
      "crafting_table": "2024-07-25 07:29:39 +0000"
    },
    "done": true
  },
  "minecraft:recipes/combat/iron_chestplate": {
    "criteria": {
      "has_iron_ingot": "2024-07-25 08:17:34 +0000"
    },
    "done": true
  },
  "minecraft:recipes/combat/crossbow": {
    "criteria": {
      "has_stick": "2024-07-25 07:29:55 +0000"
    },
    "done": true
  },
  "pixelmon:recipes/machines/trade_machine/trade_panel": {
    "criteria": {
      "has_poke_ball": "2024-07-25 07:25:36 +0000"
    },
    "done": true
  },
  "minecraft:recipes/redstone/spruce_pressure_plate": {
    "criteria": {
      "has_planks": "2024-07-25 08:19:20 +0000"
    },
    "done": true
  },
  "minecraft:recipes/decorations/oak_sign": {
    "criteria": {
      "has_oak_planks": "2024-07-25 07:29:38 +0000"
    },
    "done": true
  },
  "minecraft:recipes/redstone/oak_trapdoor": {
    "criteria": {
      "has_planks": "2024-07-25 07:29:38 +0000"
    },
    "done": true
  },
  "pixelmon:recipes/pokeball/lid/love_ball_lid": {
    "criteria": {
      "has_ultra_ball": "2024-07-25 07:25:36 +0000"
    },
    "done": true
  },
  "minecraft:recipes/combat/iron_helmet": {
    "criteria": {
      "has_iron_ingot": "2024-07-25 08:17:34 +0000"
    },
    "done": true
  },
  "minecraft:recipes/tools/golden_shovel": {
    "criteria": {
      "has_gold_ingot": "2024-07-25 07:58:42 +0000"
    },
    "done": true
  },
  "minecraft:recipes/redstone/oak_fence_gate": {
    "criteria": {
      "has_planks": "2024-07-25 07:29:38 +0000"
    },
    "done": true
  },
  "pixelmon:recipes/lures/lure_ha_weak": {
    "criteria": {
      "has_case_recipe": "2024-07-25 08:17:34 +0000"
    },
    "done": true
  },
  "pixelmon:recipes/machines/trade_machine/trade_holder_right": {
    "criteria": {
      "has_poke_ball": "2024-07-25 07:25:36 +0000"
    },
    "done": true
  },
  "pixelmon:recipes/pokeball/base/aluminum_base": {
    "criteria": {
      "has_ingot": "2024-07-25 07:23:25 +0000"
    },
    "done": true
  },
  "minecraft:recipes/redstone/oak_button": {
    "criteria": {
      "has_planks": "2024-07-25 07:29:38 +0000"
    },
    "done": true
  },
  "minecraft:recipes/decorations/iron_bars": {
    "criteria": {
      "has_iron_ingot": "2024-07-25 08:17:34 +0000"
    },
    "done": true
  },
  "minecraft:recipes/tools/golden_pickaxe": {
    "criteria": {
      "has_gold_ingot": "2024-07-25 07:58:42 +0000"
    },
    "done": true
  },
  "pixelmon:recipes/pokeball/base/iron_base": {
    "criteria": {
      "has_ingot": "2024-07-25 07:23:25 +0000"
    },
    "done": true
  },
  "pixelmon:recipes/lures/lure_shiny_strong": {
    "criteria": {
      "has_case_recipe": "2024-07-25 07:58:42 +0000"
    },
    "done": true
  },
  "pixelmon:recipes/pokeball/lid/timer_ball_lid": {
    "criteria": {
      "has_ultra_ball": "2024-07-25 07:25:36 +0000"
    },
    "done": true
  },
  "minecraft:recipes/building_blocks/gold_block": {
    "criteria": {
      "has_gold_ingot": "2024-07-25 07:58:42 +0000"
    },
    "done": true
  },
  "pixelmon:recipes/pokeball/base/wooden_base": {
    "criteria": {
      "has_slab": "2024-07-25 07:23:25 +0000"
    },
    "done": true
  },
  "pixelmon:recipes/decor/household_items/item_frame": {
    "criteria": {
      "has_painting": "2024-07-25 07:56:24 +0000"
    },
    "done": true
  },
  "minecraft:recipes/redstone/target": {
    "criteria": {
      "has_hay_block": "2024-07-25 07:24:13 +0000"
    },
    "done": true
  },
  "minecraft:recipes/transportation/minecart": {
    "criteria": {
      "has_iron_ingot": "2024-07-25 08:17:34 +0000"
    },
    "done": true
  },
  "pixelmon:recipes/pokeball/lid/level_ball_lid": {
    "criteria": {
      "has_ultra_ball": "2024-07-25 07:25:36 +0000"
    },
    "done": true
  },
  "pixelmon:recipes/pokeball/lid/ancient_poke_ball_lid": {
    "criteria": {
      "has_ingot": "2024-07-25 08:17:34 +0000"
    },
    "done": true
  },
  "minecraft:adventure/adventuring_time": {
    "criteria": {
      "minecraft:cold_ocean": "2024-07-25 08:14:28 +0000",
      "minecraft:forest": "2024-07-25 07:22:25 +0000",
      "minecraft:mountains": "2024-07-25 07:31:49 +0000",
      "minecraft:taiga": "2024-07-25 08:11:17 +0000",
      "minecraft:desert_hills": "2024-07-25 07:50:23 +0000",
      "minecraft:deep_cold_ocean": "2024-07-25 08:14:39 +0000",
      "minecraft:taiga_hills": "2024-07-25 08:11:48 +0000",
      "minecraft:desert": "2024-07-25 07:50:24 +0000",
      "minecraft:birch_forest": "2024-07-25 07:34:39 +0000",
      "minecraft:warm_ocean": "2024-07-25 07:55:10 +0000",
      "minecraft:deep_lukewarm_ocean": "2024-07-25 07:54:01 +0000",
      "minecraft:beach": "2024-07-25 07:52:55 +0000",
      "minecraft:dark_forest": "2024-07-25 07:42:11 +0000",
      "minecraft:river": "2024-07-24 08:47:53 +0000",
      "minecraft:lukewarm_ocean": "2024-07-25 07:55:05 +0000",
      "minecraft:birch_forest_hills": "2024-07-25 07:45:34 +0000",
      "minecraft:wooded_mountains": "2024-07-25 07:41:05 +0000",
      "minecraft:wooded_hills": "2024-07-25 08:09:05 +0000",
      "minecraft:swamp": "2024-07-25 07:27:04 +0000",
      "minecraft:plains": "2024-07-24 08:47:01 +0000"
    },
    "done": false
  },
  "pixelmon:recipes/machines/trade_machine/trade_monitor": {
    "criteria": {
      "has_poke_ball": "2024-07-25 07:25:36 +0000"
    },
    "done": true
  },
  "minecraft:recipes/redstone/iron_door": {
    "criteria": {
      "has_iron_ingot": "2024-07-25 08:17:34 +0000"
    },
    "done": true
  },
  "minecraft:adventure/sleep_in_bed": {
    "criteria": {
      "slept_in_bed": "2024-07-25 07:24:38 +0000"
    },
    "done": true
  },
  "minecraft:recipes/misc/charcoal": {
    "criteria": {
      "has_log": "2024-07-25 07:29:18 +0000"
    },
    "done": true
  },
  "minecraft:recipes/tools/iron_hoe": {
    "criteria": {
      "has_iron_ingot": "2024-07-25 08:17:34 +0000"
    },
    "done": true
  },
  "minecraft:recipes/tools/wooden_pickaxe": {
    "criteria": {
      "has_the_recipe": "2024-07-25 07:29:48 +0000"
    },
    "done": true
  },
  "minecraft:recipes/combat/turtle_helmet": {
    "criteria": {
      "has_scute": "2024-07-25 08:02:38 +0000"
    },
    "done": true
  },
  "minecraft:recipes/food/dried_kelp_from_smelting": {
    "criteria": {
      "has_kelp": "2024-07-25 08:14:48 +0000"
    },
    "done": true
  },
  "minecraft:husbandry/root": {
    "criteria": {
      "consumed_item": "2024-07-25 07:27:09 +0000"
    },
    "done": true
  },
  "minecraft:recipes/transportation/birch_boat": {
    "criteria": {
      "in_water": "2024-07-25 07:22:33 +0000"
    },
    "done": true
  },
  "minecraft:nether/brew_potion": {
    "criteria": {
      "potion": "2024-07-25 07:27:06 +0000"
    },
    "done": true
  },
  "minecraft:recipes/food/golden_apple": {
    "criteria": {
      "has_gold_ingot": "2024-07-25 07:58:42 +0000"
    },
    "done": true
  },
  "minecraft:recipes/building_blocks/oak_stairs": {
    "criteria": {
      "has_planks": "2024-07-25 07:29:38 +0000"
    },
    "done": true
  },
  "minecraft:recipes/decorations/barrel": {
    "criteria": {
      "has_planks": "2024-07-25 07:29:38 +0000"
    },
    "done": true
  },
  "minecraft:recipes/tools/iron_shovel": {
    "criteria": {
      "has_iron_ingot": "2024-07-25 08:17:34 +0000"
    },
    "done": true
  },
  "minecraft:recipes/transportation/acacia_boat": {
    "criteria": {
      "in_water": "2024-07-25 07:22:33 +0000"
    },
    "done": true
  },
  "minecraft:recipes/decorations/smithing_table": {
    "criteria": {
      "has_iron_ingot": "2024-07-25 08:17:34 +0000"
    },
    "done": true
  },
  "minecraft:recipes/redstone/iron_trapdoor": {
    "criteria": {
      "has_iron_ingot": "2024-07-25 08:17:34 +0000"
    },
    "done": true
  },
  "pixelmon:recipes/lures/lure_casing_weak": {
    "criteria": {
      "has_iron_ingot": "2024-07-25 08:17:34 +0000"
    },
    "done": true
  },
  "minecraft:recipes/redstone/oak_door": {
    "criteria": {
      "has_planks": "2024-07-25 07:29:38 +0000"
    },
    "done": true
  },
  "pixelmon:recipes/lures/lure_casing_strong": {
    "criteria": {
      "has_gold_ingot": "2024-07-25 07:58:42 +0000"
    },
    "done": true
  },
  "minecraft:recipes/transportation/jungle_boat": {
    "criteria": {
      "in_water": "2024-07-25 07:22:33 +0000"
    },
    "done": true
  },
  "minecraft:recipes/food/cooked_salmon_from_campfire_cooking": {
    "criteria": {
      "has_salmon": "2024-07-25 08:09:38 +0000"
    },
    "done": true
  },
  "pixelmon:recipes/equipment/vanilla/iron_hammer": {
    "criteria": {
      "has_iron_ingot": "2024-07-25 08:17:34 +0000"
    },
    "done": true
  },
  "pixelmon:recipes/pokeball/ball/dream_ball_new": {
    "criteria": {
      "has_dusk_ball": "2024-07-25 07:25:59 +0000"
    },
    "done": true
  },
  "minecraft:recipes/decorations/grindstone": {
    "criteria": {
      "has_stone_slab": "2024-07-25 08:15:56 +0000"
    },
    "done": true
  },
  "minecraft:recipes/redstone/heavy_weighted_pressure_plate": {
    "criteria": {
      "has_iron_ingot": "2024-07-25 08:17:34 +0000"
    },
    "done": true
  },
  "minecraft:recipes/decorations/spruce_fence": {
    "criteria": {
      "has_planks": "2024-07-25 08:19:20 +0000"
    },
    "done": true
  },
  "minecraft:recipes/transportation/dark_oak_boat": {
    "criteria": {
      "in_water": "2024-07-25 07:22:33 +0000"
    },
    "done": true
  },
  "pixelmon:recipes/pokeball/base/silver_base": {
    "criteria": {
      "has_ingot": "2024-07-25 07:23:25 +0000"
    },
    "done": true
  },
  "minecraft:recipes/food/dried_kelp_from_campfire_cooking": {
    "criteria": {
      "has_kelp": "2024-07-25 08:14:48 +0000"
    },
    "done": true
  },
  "pixelmon:recipes/curry/toast": {
    "criteria": {
      "has_bread": "2024-07-25 07:25:43 +0000"
    },
    "done": true
  },
  "minecraft:recipes/combat/golden_leggings": {
    "criteria": {
      "has_gold_ingot": "2024-07-25 07:58:42 +0000"
    },
    "done": true
  },
  "minecraft:recipes/decorations/lantern": {
    "criteria": {
      "has_iron_ingot": "2024-07-25 08:17:34 +0000"
    },
    "done": true
  },
  "pixelmon:recipes/equipment/film": {
    "criteria": {
      "has_camera": "2024-07-25 07:25:43 +0000"
    },
    "done": true
  },
  "minecraft:recipes/building_blocks/spruce_stairs": {
    "criteria": {
      "has_planks": "2024-07-25 08:19:20 +0000"
    },
    "done": true
  },
  "pixelmon:recipes/decor/household_items/glass_table": {
    "criteria": {
      "has_planks": "2024-07-25 07:29:38 +0000"
    },
    "done": true
  },
  "pixelmon:recipes/decor/bench/bench": {
    "criteria": {
      "has_planks": "2024-07-25 07:29:38 +0000"
    },
    "done": true
  },
  "minecraft:recipes/redstone/spruce_trapdoor": {
    "criteria": {
      "has_planks": "2024-07-25 08:19:20 +0000"
    },
    "done": true
  },
  "pixelmon:recipes/equipment/vanilla/wooden_hammer": {
    "criteria": {
      "has_planks": "2024-07-25 07:29:38 +0000"
    },
    "done": true
  },
  "pixelmon:recipes/decor/building_infrastructure/bridge_block": {
    "criteria": {
      "has_logs": "2024-07-25 07:29:18 +0000"
    },
    "done": true
  },
  "minecraft:recipes/decorations/chain": {
    "criteria": {
      "has_iron_ingot": "2024-07-25 08:17:34 +0000"
    },
    "done": true
  },
  "pixelmon:recipes/equipment/vanilla/gold_hammer": {
    "criteria": {
      "has_gold_ingot": "2024-07-25 07:58:42 +0000"
    },
    "done": true
  },
  "minecraft:recipes/misc/gold_nugget_from_smelting": {
    "criteria": {
      "has_golden_pickaxe": "2024-07-25 08:18:50 +0000"
    },
    "done": true
  },
  "pixelmon:recipes/lures/lure_type_weak": {
    "criteria": {
      "has_case_recipe": "2024-07-25 08:17:34 +0000"
    },
    "done": true
  },
  "minecraft:recipes/decorations/oak_fence": {
    "criteria": {
      "has_planks": "2024-07-25 07:29:38 +0000"
    },
    "done": true
  },
  "minecraft:recipes/transportation/oak_boat": {
    "criteria": {
      "in_water": "2024-07-25 07:22:33 +0000"
    },
    "done": true
  },
  "minecraft:recipes/decorations/soul_campfire": {
    "criteria": {
      "has_stick": "2024-07-25 07:29:55 +0000"
    },
    "done": true
  },
  "minecraft:story/smelt_iron": {
    "criteria": {
      "iron": "2024-07-25 08:17:34 +0000"
    },
    "done": true
  },
  "pixelmon:recipes/pokeball/lid/dive_ball_lid": {
    "criteria": {
      "has_ultra_ball": "2024-07-25 07:25:36 +0000"
    },
    "done": true
  },
  "pixelmon:recipes/pokeball/lid/feather_ball_lid": {
    "criteria": {
      "has_ingot": "2024-07-25 08:17:34 +0000"
    },
    "done": true
  },
  "minecraft:recipes/building_blocks/oak_slab": {
    "criteria": {
      "has_planks": "2024-07-25 07:29:38 +0000"
    },
    "done": true
  },
  "pixelmon:recipes/machines/elevator": {
    "criteria": {
      "has_ingot": "2024-07-25 08:17:34 +0000"
    },
    "done": true
  },
  "minecraft:recipes/combat/golden_boots": {
    "criteria": {
      "has_gold_ingot": "2024-07-25 07:58:42 +0000"
    },
    "done": true
  },
  "DataVersion": 2586
}